1 BEIGESOLEIL;1 BEIGESOLEIL;1 BEIGESOLEIL;
1 BLONDCENDRE;1 BLONDCENDRE;1 BLONDCENDRE;
1 CAMELIA;1 CAMELIA;1 CAMELIA;
1 IVOIRE;1 IVOIRE;1 IVOIRE;
1 NATURELBEIGE;1 NATURELBEIGE;1 NATURELBEIGE;
1 NOIRINTENSE;1 NOIRINTENSE;1 NOIRINTENSE;
1 NOIRPROFOND;1 NOIRPROFOND;1 NOIRPROFOND;
1 PECHE;1 PECHE;1 PECHE;
1 PERLE;1 PERLE;1 PERLE;
1 PRISME;1 PRISME;1 PRISME;
1 ROSE;1 ROSE;1 ROSE;
1 TRANSLUCIDE;1 TRANSLUCIDE;1 TRANSLUCIDE;
10 NOISETTE;10 NOISETTE;10 NOISETTE;
10 ROSEPRECIEUX;10 ROSEPRECIEUX;10 ROSEPRECIEUX;
10 ROUGESOLEIL;10 ROUGESOLEIL;10 ROUGESOLEIL;
11 BOISDEROSE;11 BOISDEROSE;11 BOISDEROSE;
11 BRUNPROFOND;11 BRUNPROFOND;11 BRUNPROFOND;
11 FRENCHMANUCURE;11 FRENCHMANUCURE;11 FRENCHMANUCURE;
12 PECHE;12 PECHE;12 PECHE;
12 VERTBRONZE;12 VERTBRONZE;12 VERTBRONZE;
13 PERLEDECORAIL;13 PERLEDECORAIL;13 PERLEDECORAIL;
14 NACREPERLEE;14 NACREPERLEE;14 NACREPERLEE;
15 NACREDELICATE;15 NACREDELICATE;15 NACREDELICATE;
16 NACRECUIVREE;16 NACRECUIVREE;16 NACRECUIVREE;
17 BRUNTENDRE;17 BRUNTENDRE;17 BRUNTENDRE;
18 MORDORE;18 MORDORE;18 MORDORE;
19 TOMETTE;19 TOMETTE;19 TOMETTE;
1 POUDREARGENT;1 POUDREARGENT;1 POUDREARGENT;
2 ARGENTPUR;2 ARGENT PUR;2 ARGENT PUR;
2 BRUN;2 BRUN;2 BRUN;
2 BRUNCHALEUREUX;2 BRUNCHALEUREUX;2 BRUNCHALEUREUX;
2 BRUNINTENSE;2 BRUNINTENSE;2 BRUNINTENSE;
2 CHAMPAGNE;2 CHAMPAGNE;2 CHAMPAGNE;
2 LILASDESINDES;2 LILASDESINDES;2 LILASDESINDES;
2 NATURELROSE;2 NATURELROSE;2 NATURELROSE;
2 PARME;2 PARME;2 PARME;
2 ROSEINDIEN;2 ROSEINDIEN;2 ROSEINDIEN;
2 SABLE;2 SABLE;2 SABLE;
2 SIENNE1;2 SIENNE1;2 SIENNE1;
2 TOPAZE;2 TOPAZE;2 TOPAZE;
20 BRUNCHAUD;20 BRUNCHAUD;20 BRUNCHAUD;
21 CACAO;21 CACAO;21 CACAO;
22 GRIOTTE;22 GRIOTTE;22 GRIOTTE;
23 FLAMBOYANT;23 FLAMBOYANT;23 FLAMBOYANT;
24 POURPRE;24 POURPRE;24 POURPRE;
25 ROUGEPUR;25 ROUGEPUR;25 ROUGEPUR;
26 ROUGEPROFOND;26 ROUGEPROFOND;26 ROUGEPROFOND;
30 ROUGE BRIQUE;30 ROUGE BRIQUE;30 ROUGE BRIQUE;
31 ROSE CUIVRE;31 ROSE CUIVRE;31 ROSE CUIVRE;
3 BLANCDOUCEUR;3 BLANCDOUCEUR;3 BLANCDOUCEUR;
3 BLEULUMIERE;3 BLEULUMIERE;3 BLEULUMIERE;
3 BRUN;3 BRUN;3 BRUN;
3 CERISE;3 CERISE;3 CERISE;
3 CHAIR;3 CHAIR;3 CHAIR;
3 PARME;3 PARME;3 PARME;
3 PORCELAINE;3 PORCELAINE;3 PORCELAINE;
3 PRUNE;3 PRUNE;3 PRUNE;
3 ROSETENDRE;3 ROSETENDRE;3 ROSETENDRE;
3 VERTIRISE;3 VERTIRISE;3 VERTIRISE;
4 ABRICOT;4 ABRICOT;4 ABRICOT;
4 BLANCNACRE;4 BLANCNACRE;4 BLANCNACRE;
4 BRUNARDOISE;4 BRUNARDOISE;4 BRUNARDOISE;
4 FRAMBOISE;4 FRAMBOISE;4 FRAMBOISE;
4 HALE;4 HALE;4 HALE;
4 NATURELFONCE;4 NATURELFONCE;4 NATURELFONCE;
4 NUAGENACRE;4 NUAGE NACRE;4 NUAGE NACRE;
4 PRUNE;4 PRUNE;4 PRUNE;
4 PRUNELUMIERE;4 PRUNELUMIERE;4 PRUNELUMIERE;
4 ROUGE;4 ROUGE;4 ROUGE;
4 SOLEIL;4 SOLEIL;4 SOLEIL;
4 VIOLINE;4 VIOLINE;4 VIOLINE;
5 AMANDE;5 AMANDE;5 AMANDE;
5 BLEUPROFOND;5 BLEUPROFOND;5 BLEUPROFOND;
5 BRUNMOIRE;5 BRUNMOIRE;5 BRUNMOIRE;
5 FUCHSIA;5 FUCHSIA;5 FUCHSIA;
5 NATURELPRUNE;5 NATURELPRUNE;5 NATURELPRUNE;
5 PEPITE;5 PEPITE;5 PEPITE;
5 PRUNE;5 PRUNE;5 PRUNE;
5 ROSETENDER;5 ROSE TENDER;5 ROSE TENDER;
5 ROUGEINTENSE;5 ROUGEINTENSE;5 ROUGEINTENSE;
5 TAUPE;5 TAUPE;5 TAUPE;
6 BORDEAUX;6 BORDEAUX;6 BORDEAUX;
6 CHOCOLAT;6 CHOCOLAT;6 CHOCOLAT;
6 DORE;6 DORE;6 DORE;
6 GRISBLEU;6 GRISBLEU;6 GRISBLEU;
6 GRISCENDRE;6 GRISCENDRE;6 GRISCENDRE;
6 MORDORE;6 MORDORE;6 MORDORE;
6 PRUNE;6 PRUNE;6 PRUNE;
6 PRUNEINTENSE;6 PRUNE INTENSE;6 PRUNE INTENSE;
6 ROSEECLAIR;6 ROSEECLAIR;6 ROSEECLAIR;
6 ROUGEPUR;6 ROUGEPUR;6 ROUGEPUR;
7 AUBERGINE;7 AUBERGINE;7 AUBERGINE;
7 POUDREDOR;7 POUDREDOR;7 POUDREDOR;
7 ROUGEPROFOND;7 ROUGEPROFOND;7 ROUGEPROFOND;
8 COQUILLAGE;8 COQUILLAGE;8 COQUILLAGE;
8 GRENATPRECIEUX;8 GRENATPRECIEUX;8 GRENATPRECIEUX;
8 ROSENUDITE;8 ROSENUDITE;8 ROSENUDITE;
9 BEIGEDORE;9 BEIGEDORE;9 BEIGEDORE;
9 ROSEGLACE;9 ROSEGLACE;9 ROSEGLACE;
9 ROUGESOMBRE;9 ROUGESOMBRE;9 ROUGESOMBRE;
10 ORANGEBEAUTY;10 ORANGE BEAUTY;10 ORANGE BEAUTY;
11 ROSEESQUISSE;11 ROSE ESQUISSE;11 ROSE ESQUISSE;
16 ROSEVINYLE;16 ROSE VINYLE;16 ROSE VINYLE;
ABRICOT;NECTAR D'ABRICOT;NECTAR D'ABRICOT;
ACCRMANTI;ACTIVE CREME ANTIRIDES;ACTIVE CREME ANTIRIDES;
ACGELTENS;ACTIVE CONTOUR GEL TENSEUR;ACTIVE CONTOUR GEL TENSEUR;
ACMASQANTI;ACTIVE MASQUE ANTIFATIGUE;ACTIVE MASQUE ANTIFATIGUE;
AMANDE;AMANDE;AMANDE;
AMBRE;AMBRE;AMBRE;
AMPECLAT;AMPOULES ECLAT;AMPOULES ECLAT;
AMPHYD;PRO AMPOULES HYDRATANTES;MOISTURIZING AMPOULES PRO;
AMPRAFF;PRO AMPOULES RAFFERMISS;REFIRMING AMPOULES PRO;
AMPSOINECL;AMPOULES SOINS ECLAT;AMPOULES SOINS ECLAT;
AUTRES;AUTRES PRODUITS;AUTRES PRODUITS;
BAINDETOX;BAIN DETOXIFIANT;BAIN DETOXIFIANT;
BAINLAIT;BAIN DE LAIT;BAIN DE LAIT;
BAINMANUREVITA;BAIN MANUCURIE REVITALISANT;BAIN MANUCURIE REVITALISANT;
BASE;BASE;BASE;
BAUMEAPAIS;BAUME APAISANT;BAUME APAISANT;
BAUMECORPS;BAUME CORPS;BAUME CORPS;
BEIGE;BEIGE;BEIGE;
BEIGEIRISE;BEIGE IRISE;BEIGE IRISE;
BEIGEROSE;BEIGE ROSE;BEIGE ROSE;
BIOSMOSE;CREME DE MODELAGE;CREME DE MODELAGE;
BLEU;BLEU;BLEU;
BLEUMETAL;BLEU METAL;BLEU METAL;
BLONDCEND;BLONC CENDRE;BLONC CENDRE;
BOISROSE;BOIS DE ROSE;BOIS DE ROSE;
BOOSTERDR;BOOSTER DRAINANT;BOOSTER DRAINANT;
BOUE;BOUE CORPORELLE MINERALE;BOUE CORPORELLE MINERALE;
BPCRMOUSS;BLANC PERFECT CREME MOUSSANTE;BLANC PERFECT CREME MOUSSANTE;
BPFLUIDE;BLANC PERFECT FLUIDE;BLANC PERFECT FLUIDE;
BPLOTION;BLANC PERFECT LOTION;BLANC PERFECT LOTION;
BPSERUM;BLANC PERFECT SERUM;BLANC PERFECT SERUM;
BRONZECEN;BRONZE CENDRE;BRONZE CENDRE;
BRONZEECLAT;BRONZE ECLAT;BRONZE ECLAT;
BRUME;BRUME HYDRA TONIQUE;BRUME HYDRA TONIQUE;
BRUN;BRUN;BRUN;
BRUNDEUX;BRUN 2;BRUN 2;
BRUNMOIRE;BRUN MOIRE;BRUN MOIRE;
BRUNTROIS;BRUN 3;BRUN 3;
BRUNUN;BRUN 1;BRUN 1;
CERISECONF;CERISE CONFITE;CERISE CONFITE;
CFCONFORT;CAPITAL FERMETE CONFORT;CAPITAL FERMETE CONFORT;
CFMASQ;CAPITAL FERMETE MASQUE;CAPITAL FERMETE MASQUE;
CFSOIE;CAPITAL FERMETE SOIE;CAPITAL FERMETE SOIE;
CHAIR;CHAIR;CHAIR;
CHAIRNUE;CHAIR NUE;CHAIR NUE;
CHAMPAGNE;CHAMPAGNE;CHAMPAGNE;
CHOCOLAT;CHOCOLAT;CHOCOLAT;
CLAIRFONCE;CLAIR FONCE;CLAIR FONCE;
COFFRET3TI;COFFRET 3 TI;COFFRET 3 TI;
CONCALGUES;CONCENTRE OPTIMISEUR;CONCENTRE OPTIMISEUR;
CONCDESIN;CONCENTRE DESINFL;CONCENTRE DESINFL;
CORAIL;CORAIL;CORAIL;
CREMECRIST;PRO CREME MOD CRISTALLINE;CRISTALLINE MOD CREAM PRO;
CREMEFER;CREME FERMETE RESTRUC;CREME FERMETE RESTRUC;
CREMELEGERE;CREME LEGERE;CREME LEGERE;
CREMEPROT;CREME SPF10;CREME SPF10;
CREMEREPA;CREME REPARATRICE;CREME REPARATRICE;
CREMERICHE;CREME RICHE;CREME RICHE;
CREMEULTRA;CREME ULTRA PROTECTRICE;CREME ULTRA PROTECTRICE;
CRMEMAINS;CREME MAINS;CREME MAINS;
CRREGUL;CREME REGULATRICE;REGULATING CREAM;
CRSOINCOU;CREME SOIN COU;CREME SOIN COU;
CRYOGEL;CRYOGEL;CRYOGEL;
CUIVRE;CUIVRE;CUIVRE;
CUREGLOB;CURE GLOBALE;CURE GLOBALE;
DESQUA;DESQUACREM;DESQUACREM;
DISSOLVANT;DISSOLVANT;DISSOLVANT;
DIVMAQ;EPONGES MAQUILLAGE FDT x5;FDT MAKE-UP SPONGES x5;
DIVPLV;FACTICE QUATUOR YEUX NUDE;DUMMY NUDE EYE QUART TEST;
DIVSOIN;PRO 16 SERVIETTES SOTHYS;16 SOTHYS TOWELS PROF;
DORE;DORE;DORE;
DOUCHENERG;DOUCHE ENERGISANTE;DOUCHE ENERGISANTE;
DUNEDENACRE;DUNE DE NACRE;DUNE DE NACRE;
EAUDEMAQ;EAU DEMAQ DOUCE;EAU DEMAQ DOUCE;
EDTHOMME;EAU DE TOILETTE HOMME;EAU DE TOILETTE HOMME;
ELIXENERG;ELIXIR D HE ENERG;ELIXIR D HE ENERG;
ELIXRELAX;ELIXIR D HE RELAX;ELIXIR D HE RELAX;
ENVLPTFRAI;ENVLPT FRAICHEUR;ENVLPT FRAICHEUR;
EPONGE;PRO EPONGES A DEMAQUILL*6;MAKE-UP SPONGES*6 PRO;
FEU;FEU;FEU;
FILMENVLPT;FILM ENVLPT;FILM ENVLPT;
FLUIDEMAT;FLUIDE MATIFIANT;FLUIDE MATIFIANT;
FRAM;FRAMBOISE;FRAMBOISE;
GALET;GALET DE BAIN;GALET DE BAIN;
GELDEMYX;GEL DEMAQ YEUX;GEL DEMAQ YEUX;
GELEECRISTAL;GELEE CRISTAL;GELEE CRISTAL;
GELEEDOUCEUR;GELEE DOUCEUR CORPS;GELEE DOUCEUR CORPS;
GELEEFRAI;GELEE FRAICHE;GELEE FRAICHE;
GELEETHERMA;GELEE THERMALE;GELEE THERMALE;
GELLUMI;GEL LUMI TENSEUR;GEL LUMI TENSEUR;
GELMOUPUR;GEL MOUSSANT PURIFIANT;PURIFYING FOAMING GEL;
GLACIERFOND;GLACIER FONDANT;GLACIER FONDANT;
GOMEXF;GOMMAGE EXFOLIANT;BIOLOGICAL SKIN PEELING;
GOMMDOUX;GOMMAGE DOUC AU LOOFAH;GOMMAGE DOUC AU LOOFAH;
GRAINSGOMM;GRAINS DE GOMMAGE;GRAINS DE GOMMAGE;
GRENAT;GRENAT;GRENAT;
GRIS;GRIS;GRIS;
GRISMETAL;GRIS METAL;GRIS METAL;
HALE;HALE;HALE;
HALO;HALO;HALO;
HEDECONG;HE DECONGESTIONNANTES;HE DECONGESTIONNANTES;
HEMINCEUR;HEMINCEUR;HEMINCEUR;
HERELAX;HE RELAXANTES;HE RELAXANTES;
HETONIF;HETONIFIANTES;HETONIFIANTES;
HMASSHARM;HUILE MASSAGE HARMONIE;HUILE MASSAGE HARMONIE;
HMASSPLENI;HUILE MASSAGE PLENITUDE;HUILE MASSAGE PLENITUDE;
HMASSVITAL;HUILE MASSAGE VITALITE;HUILE MASSAGE VITALITE;
HPCRPROT;CREME PROTECTRICE;PROTECTIVE CREAM;
HPEMULSION;EMULSION DOUCEUR;SOFTENING EMULSION;
HPMASVIT;PRO MASQUE VITALITE;VITALITY MASK PRO;
HPSERVIT;HYDRA PROT SERUM VIT;HYDRA PROT SERUM VIT;
HUILEBIOSTIM;PRO HUILE BIOSTIMULANTE;BIOSTIMULATING OIL PRO;
HYCREME;HYDROPTIMALE CREME;HYDROPTIMALE CREME;
HYDRACREME;HYDRACREME AUTOBRONZANT;HYDRACREME AUTOBRONZANT;
HYDROGEL;HYDROGEL;HYDROGEL;
HYMASQUE;HYDROPTIMALE MASQUE;HYDROPTIMALE MASQUE;
HYTTBLOND;HYDROPTIMALE TT BLOND;HYDROPTIMALE TT BLOND;
HYTTMIEL;HYDROPTIMALE TT MIEL;HYDROPTIMALE TT MIEL;
HYTTNATUREL;HYDROPTIMALE TT NATUREL;HYDROPTIMALE TT NATUREL;
HYVOILE;HYDROPTIMALE VOILE;HYDROPTIMALE VOILE;
IMCREME;IMMU CREME;IMMU CREME;
IMFLUIDE;IMMU FLUIDE;IMMU FLUIDE;
IMMASQ;IMMU MASQUE;IMMU MASQUE;
IRISE;IRISE;IRISE;
IVOIRE;IVOIRE;IVOIRE;
LAITBRONZ;LAIT SPF20;LAIT SPF20;
LAITDEMCLA;LAIT DEMAQ CLARTE;LAIT DEMAQ CLARTE;
LAITDEMCON;LAIT DEMAQ CONFORT;LAIT DEMAQ CONFORT;
LAITDEMDOU;LAIT DEMAQ DOUCEUR;LAIT DEMAQ DOUCEUR;
LAITDEMPUR;LAIT DEMAQ PURIFIANT;LAIT DEMAQ PURIFIANT;
LAITDEMSAT;LAIT DEMAQ SATINE;LAIT DEMAQ SATINE;
LAITDOUCHE;LAIT DE DOUCHE;LAIT DE DOUCHE;
LAITHYDRA;LAIT HYDRA NOURRISSANT;HYDRA NOUR BODY LOT;
LDCRSAT;LIFT DEFENSE SATIN;LIFT DEFENSE SATIN;
LDCRVEL;LIFT DEFENSE VELOURS;LIFT DEFENSE VELOURS;
LDMASQ;LIFT DEFENSE MASQUE;LIFT DEFENSE MASQUE;
LOTDOUCLA;LOTION DOUCE CARTE;LOTION DOUCE CARTE;
LOTDOUCON;LOTION DOUCE CONFORT;LOTION DOUCE CONFORT;
LOTDOUDOU;LOTION DOUCE DOUCEUR;LOTION DOUCE DOUCEUR;
LOTDOUPUR;LOTION DOUCE PURIFIANTE;LOTION DOUCE PURIFIANTE;
LOTDOUSAT;LOTION DOUCE SATINEE;LOTION DOUCE SATINEE;
LOTIONFLOR;LOTION FLORATONIC;LOTION FLORATONIC;
LUMIERE;LUMIERE;LUMIERE;
LUNEDOR;LUNE D'OR;LUNE D'OR;
MANUCURE;FRENCH MANUCURE;FRENCH MANUCURE;
MARINE;MARINE;MARINE;
MARRONGLACE;MARRON GLACE;MARRON GLACE;
MASQTENSGALB;MASQUE TENSEUR GALBANT;MASQUE TENSEUR GALBANT;
MASQUEDESQ;MASQUE DESQUAMER;MASQUE DESQUAMER;
MASQUEFER;MASQUE FERMETE PELLI;MASQUE FERMETE PELLI;
MAUVE;MAUVE;MAUVE;
MORDORE;MORDORE;MORDORE;
MORODORE;MORDORE;MORDORE;
MOSAIC;MOSAIC;MOSAIC;
NATFONCE;NATUREL FONCE;NATUREL FONCE;
NATROSE;NATUREL ROSE;NATUREL ROSE;
NATUREL;NATUREL;NATUREL;
NEIGEPARME;NEIGE ET PARME;NEIGE ET PARME;
NETTACTIF;NETTOYANTACTIF;NETTOYANTACTIF;
NETTMATIN;NETTOYANT DU MATIN;MORNING CLEANSER;
NETTMOUSSNORM;NETTOYANT MOUSSANT NORMALISANT;NETTOYANT MOUSSANT NORMALISANT;
NOCTUELLE;NOCTUELLE;NOCTUELLE;
NOIR;NOIR;NOIR;
NUCRPXSECH;NUTRIT PX SECHES;NUTRIT PX SECHES;
NUCRPXUSECH;NUTRI PX ULTRA SECHES;NUTRI PX ULTRA SECHES;
NUSERNOUR;NUTRI SERUM NOURRISSANT;NUTRI SERUM NOURRISSANT;
OMBRE;OMBRE;OMBRE;
ORBRUT;OR BRUT;OR BRUT;
OXYCREME;OXYLIANCE CREME;OXYLIANCE CREME;
OXYFLUIDE;OXYLIANCE FLUIDE;OXYLIANCE FLUIDE;
OXYFLUIENR;OXYLIANCE FLUIDE ENRICHI;OXYLIANCE FLUIDE ENRICHI;
OXYMASQ;OXYLIANCE MASQUE;OXYLIANCE MASQUE;
PAILLETEOR;PAILLETE OR;PAILLETE OR;
PASTEQUE;PASTEQUE;PASTEQUE;
PECHE;PECHE;PECHE;
PEELINGDOU;PEELING DOUCEUR;PEELING DOUCEUR;
PEELINGPRO;PEELING PROF;PEELING PROF;
PEELPOUDRE;PEELING POUDRE;PEELING POUDRE;
PEPITE;PEPITE;PEPITE;
PERLE;PERLE;PERLE;
PGCRREPA;CREME REPARATRICE;ACTIVE CREAM;
PGFLUIDE;FLUIDE HYDRA MATITE;HYDRA MATT FLUID;
PGMASQABS;PX GRASSES MASQUE ABSORBANT;PX GRASSES MASQUE ABSORBANT;
PGSEROIL;PX GRASSES SERUM OIL CONTROL;PX GRASSES SERUM OIL CONTROL;
PGSERPUR;SERUM PURIFIANT;PURIFYING SERUM;
PIERRE;PIERRE;PIERRE;
PINCEAUPAUP;PINCEAU PAUPIERES;PINCEAU PAUPIERES;
PINCEAUPRO;PINCEAU PRO;PINCEAU PRO;
POMPE;PRO POMPE FLAC CAB 500 ML;PUMP FOR 500 ML CAB BOTTLE;
PORCELAINE;PROCELAINE;PROCELAINE;
POT;POT;POT;
POUDREENV;POUDRE ENVLPT;POUDRE ENVLPT;
POURPRE;POURPRE;POURPRE;
PRUNE;PRUNE;PRUNE;
PRUNEGLACEE;PRUNE GLACEE;PRUNE GLACEE;
RDCRSPEPXSEC;ROUGEURS DIFFUSES CR PX SECH;ROUGEURS DIFFUSES CR PX SECH;
RDCRTTESPX;ROUGEURS DIFFUSES CR TTES PX;ROUGEURS DIFFUSES CR TTES PX;
RDMASQ;ROUGEURS DIFFUSES MASQUE;ROUGEURS DIFFUSES MASQUE;
RDSERCLAR;ROUGEURS DIFFUSES SERUM;ROUGEURS DIFFUSES SERUM;
RETINOL;RETINOL;RETINOL;
RGECOUT;ROUGE COUTURE;ROUGE COUTURE;
RGESIENNE;ROUGE SIENNE;ROUGE SIENNE;
ROSE;ROSE;ROSE;
ROSEAME;ROSE ETAT D'AME;ROSE ETAT D'AME;
ROSEAURORE;ROSE AURORE;ROSE AURORE;
ROSECELESTE;ROSE CELESTE;ROSE CELESTE;
ROSECRIST;ROSE CRISTALLIN;ROSE CRISTALLIN;
ROSEDELIC;ROSE DELICAT;ROSE DELICAT;
ROSEGLACE;ROSE GLACE;ROSE GLACE;
ROSEICEB;ROSE ICEBERG;ROSE ICEBERG;
ROSEPERLE;ROSEPERLE;ROSEPERLE;
ROSEPREC;ROSE PRECIEUX;ROSE PRECIEUX;
ROSETENDRE;ROSE TENDRE;ROSE TENDRE;
ROUGE;ROUGE;ROUGE;
ROUGEINTENSE;ROUGE INTENSE;ROUGE INTENSE;
SAANTIRIDES;SOIN ACTIF ANTIRIDES;SOIN ACTIF ANTIRIDES;
SABLE;SABLE;SABLE;
SAHYD;SOIN ACTIF HYDRATANT;SOIN ACTIF HYDRATANT;
SELSBAIN;SELS DE BAIN;SELS DE BAIN;
SELSMARINS;SELS MARINS GOMMANTS;SELS MARINS GOMMANTS;
SERUMCORRCLAR;SER CORRECTEUR CLARIFIANT;CLARIFYING CORRECT SER;
SERUMDRAIN;SERUM DRAINANT;SERUM DRAINANT;
SERUMIMM;PRO IMMUNISCIENCE SERUM;IMMUNISCIENCE SERUM PRO;
SERUMLD2;SOIN INTENSE LIFT DEFENSE 2;SOIN INTENSE LIFT DEFENSE 2;
SERUMOXY;SOIN INTENSIF OXYLIANCE;SOIN INTENSIF OXYLIANCE;
SIENNE;SIENNE;SIENNE;
SOINCORRIMPERF;SOINCORRIMPERF;SOINCORRIMPERF;
SOINCORRROUGEURS;SOINCORRROUGEURS;SOINCORRROUGEURS;
SOINGLOBAL;SOIN GLOBAL;SOIN GLOBAL;
SOINLEVRES;SOIN INTENSE LEVRES;SOIN INTENSE LEVRES;
SOINLUMIERE;SOIN LUMIERE CONTOUR OEIL;SOIN LUMIERE CONTOUR OEIL;
SOINNOURONGLES;SOIN NOURRISSANT ONGLES;SOIN NOURRISSANT ONGLES;
SOINPOSTEPIL;CREME DOUCEUR POST EPIL;POST DEPIL SOFTENING CR;
SOINPREPA;SOIN PREPARATION SOLEIL;SOIN PREPARATION SOLEIL;
SOINPROT;SOIN SPF30;SOIN SPF30;
SOINREVIG;SOIN REVIGORANT;SOIN REVIGORANT;
SOINSOLEILVELOUTE;SOINSOLEILVELOUTE;SOINSOLEILVELOUTE;
SOINSURACTGALB;SOIN SURACTIVE GALBANT;SOIN SURACTIVE GALBANT;
SOLEIL;SOLEIL;SOLEIL;
SOLEILNAT;SOLEIL NATUREL;SOLEIL NATUREL;
SPACTIVE;SOIN PRO ACTIVE CONTOUR;SOIN PRO ACTIVE CONTOUR;
SPFLASH;SOIN PRO FLASH BEAUTE;SOIN PRO FLASH BEAUTE;
SPRAYAUTO;SPRAY AUTOBRONZANT;SPRAY AUTOBRONZANT;
SPRAYBRONZ;SPRAY SPF10;SPRAY SPF10;
SPRAYECLAT;SPRAY ECLAT;SPRAY ECLAT;
SUCRECANDIDE;SUCRE CANDIDE;SUCRE CANDIDE;
TAILLECRAYON;TAILLE CRAYON TRIPLE;TRIPLE PENCIL SHARPEN;
TENEBRE;TENEBRE;TENEBRE;
TERRETRIB;TERRE TRIBALE;TERRE TRIBALE;
TIHYDROPT;TI HYDROPTIMALE;TI HYDROPTIMALE;
TILD2;TI LIFT DEFENSE 2;TI LIFT DEFENSE 2;
TIOXY;TI OXYLIANCE;TI OXYLIANCE;
TRAITDETOX;TRAITEMENT DETOXIFIANT;TRAITEMENT DETOXIFIANT;
TRAITFRAICH;TRAITEMENT FRAICHEUR;TRAITEMENT FRAICHEUR;
TRAITMINC;TRAITEMENT MINCEUR;TRAITEMENT MINCEUR;
TRANSLUCIDE;TRANSLUCIDE;TRANSLUCIDE;
VENTIVOIRE;VENT D'IVOIRE;VENT D'IVOIRE;
VERMILLON;VERMILLON;VERMILLON;
VERREDOSEUR;VERRE DOSEUR;VERRE DOSEUR;
VERT;VERT;VERT;
VERTBRONZE;VERT BRONZE;VERT BRONZE;
VOILEAPAI;VOILE APAISANT APRES SOLEIL;VOILE APAISANT APRES SOLEIL;
VOILEEMB;VOILE EMBELLISSEUR;VOILE EMBELLISSEUR;
VOILEETE;VOILE D'ETE;VOILE D'ETE;
ZESTEAZUR;ZESTE D'AZUR;ZESTE D'AZUR;
TERREBRUL;TERRE BRULEE;TERRE BRULEE;
ROSEMURM;ROSE MURMURE;ROSE MURMURE;
PEAU;PEAU;PEAU;
NACRE;NACRE;NACRE;
AMPOXY;AMPOULES OXYGENANTES;AMPOULES OXYGENANTES;
1 NATUREL;1 NATUREL;1 NATUREL;
2 VENTDESABLE;2 VENTDESABLE;2 VENTDESABLE;
3 VELOURSDEPECHE;3 VELOURSDEPECHE;3 VELOURSDEPECHE;
SOINEXF;SOIN EXFOLIANT;SOIN EXFOLIANT;
DBLSERUMECLAIR;DOUBLE SERUM ECLAIRCISSANT;DOUBLE SERUM ECLAIRCISSANT;
POUDRECLAR;POUDRE ECLAIRCISSANTE;POUDRE ECLAIRCISSANTE;
TIECLAIRCISSANT;TI ECLAIRCISSANT;TI ECLAIRCISSANT;
CCCRLEGERE;C&C CREME LEGERE;C&C LIGHT CREAM;
CCCRPROTECTIVE;C&C CREME PROTECTIVE;C&C PROTECTIVE CREAM;
CCSERUMCONC;C&C SERUM CONCENTRE;C&C CONCENTRATED SER;
CCMASQFRCLARTE;MASQUE FRAICHEUR CLARTE;MASQUE FRAICHEUR CLARTE;
FLDEMAQBIPHASE;FLUIDE DEMAQ DOUC BI-PHASE;FLUIDE DEMAQ DOUC BI-PHASE;
27 ROSEFANEE;27 ROSEFANEE;27 ROSEFANEE;
7 REFLETDEPEAU;7 REFLETDEPEAU;7 REFLETDEPEAU;
12 ORTALISMAN;12 ORTALISMAN;12 ORTALISMAN;
7 CUIVRE;7 CUIVRE;7 CUIVRE;
13 PEAUCUIVREE;13 PEAUCUIVREE;13 PEAUCUIVREE;
14 BRUNANTIQUE;14 BRUNANTIQUE;14 BRUNANTIQUE;
15 BLEUNIL;15 BLEUNIL;15 BLEUNIL;
7 TERREDARGILE;7 TERREDARGILE;7 TERREDARGILE;
DEOSOIN;DEODORANT SOIN;DEODORANT SOIN;
SOINCONTYEUX;SOIN CONTOUR YEUX;SOIN CONTOUR YEUX;
STENSFLECLAT;SOIN TENSEUR FLASH ECLAT;SOIN TENSEUR FLASH ECLAT;
SHAMPECLAT;SHAMPOOING ECLAT;SHAMPOOING ECLAT;
APSHAMPDOUC;APRES SHAMPOOING DOUCEUR;APRES SHAMPOOING DOUCEUR;
EAUDEMVELOURS;EAU DEMAQUILLANTE VELOURS;EAU DEMAQUILLANTE VELOURS;
SOINPROTCA;SOIN PROT EXT SPF30 CANADA;SOIN PROT EXT SPF30 CANADA;
LAITBRONZCA;LAIT BRONZANT SPF20 CANADA;LAIT BRONZANT SPF20 CANADA;
CREMEPROTCA;CREME PROT SPF10 CANADA;CREME PROT SPF10 CANADA;
SPRAYBRONZCA;SPRAY BRONZ SPF10 CANADA;SPRAY BRONZ SPF10 CANADA;
28 BEIGETHE;28 BEIGETHE;28 BEIGETHE;
13 CRYSTALROM;13 CRYSTALROM;13 CRYSTALROM;
1 BRUMEVIOLETTE;1 BRUMEVIOLETTE;1 BRUMEVIOLETTE;
16 BRUYERE;16 BRUYERE;16 BRUYERE;
17 PASTELROSE;17 PASTELROSE;17 PASTELROSE;
18 GRISMETAL;18 GRISMETAL;18 GRISMETAL;
8 POUDREACIER;8 POUDREACIER;8 POUDREACIER;
ABSROMANTIC;ABSROMANTIC;ABSROMANTIC;
SUEDINE;SUEDINE BOITIER;SUEDINE BOITIER;
THI3CRLEGERE;HYDROPT THI3 CREME LEGERE;HYDROPT THI3 CREME LEGERE;
THI3CRCONFORT;HYDROPT THI3 CREME CONFORT;HYDROPT THI3 CREME CONFORT;
THI3MASQUE;HYDROPTIMALE THI3 MASQUE;HYDROPTIMALE THI3 MASQUE;
THI3SERUM;HYDROPTIMALE THI3 SERUM;HYDROPTIMALE THI3 SERUM;
TIHYDROPTTHI3;TI HYDROPTIMALE THI3;TI HYDROPTIMALE THI3;
IMSERUM;IMMU SERUM;IMMU SERUM;
EAUPARFUM;EAU DE PARFUM SECRETS 19;SECRETS EAU DE PARF 19;
SERUMYEUX;SERUM CONTOUR DES YEUX;SERUM CONTOUR DES YEUX;
WFLJOURHYD;FLUIDE JOUR HYDRATANT;FLUIDE JOUR HYDRATANT;
WCRMOUSSECLAIR;CREME MOUSSANTE ECLAIRCISSANTE;CREME MOUSSANTE ECLAIRCISSANTE;
WLOTIONECLAIR;LOTION ECLAIRCISSANTE;LOTION ECLAIRCISSANTE;
WECRANPROTJOUR;ECRAN PROTECTEUR JOUR;ECRAN PROTECTEUR JOUR;
19 LAVANDE;19 LAVANDE;19 LAVANDE;
20 FAIENCE;20 FAIENCE;20 FAIENCE;
CRSUBLRAFF;CREME SUBLIME RAFFERMISSANTE;CREME SUBLIME RAFFERMISSANTE;
SERTENSBUSTECL;SERUM TENSEUR BUSTE ECLAT;SERUM TENSEUR BUSTE ECLAT;
SOINDOUCPOSTEPIL;SOIN DOUCEUR POST EPILATOIRE;SOIN DOUCEUR POST EPILATOIRE;
EAUDESOINTONIF;EAU DE SOIN TONIFIANTE;EAU DE SOIN TONIFIANTE;
GOMMDELICIEUX;GOMMAGE DELICIEUX;GOMMAGE DELICIEUX;
ELIXIRMASS;ELIXIR DE MASSAGE;ELIXIR DE MASSAGE;
CRMAINSVELOURS;CREME MAINS VELOURS;CREME MAINS VELOURS;
DEODOUCEUR;DEODORANT SOIN DOUCEUR;DEODORANT SOIN DOUCEUR;
BAUMEXFGING;BAUME EXFOLIANT AU GIMGEMBRE;BAUME EXFOLIANT AU GIMGEMBRE;
HUILEMASSMARULA;HUILE DE MASSAGE AU MARULA;HUILE DE MASSAGE AU MARULA;
HUILEDEESSES;HUILE DES DEESSES BAIN;HUILE DES DEESSES BAIN;
GRANHYDAROMAT;GRANITE HYDRA AROMATIQUE;GRANITE HYDRA AROMATIQUE;
BAUMASSREVEPLUIE;BAUME DE MASSAGE REVE DE PLUIE;BAUME DE MASSAGE REVE DE PLUIE;
BIENFAITSMARHYD;BIENFAITS MARINS HYDRATANTS;BIENFAITS MARINS HYDRATANTS;
ALCHMINCEUR;ALCH MINCEUR THE VERT VIGN RGE;ALCH MINCEUR THE VERT VIGN RGE;
ENVFRAISJBLEG;ENVEL FRAIS JAMBES LEGERES;ENVEL FRAIS JAMBES LEGERES;
COCKTORIENTAL;COCKTAIL ORIENTAL BALLOTINS;COCKTAIL ORIENTAL BALLOTINS;
GALETSBALINAIS;GALETS BALINAIS;GALETS BALINAIS;
GAZESRUBANS;LOT DE GAZES ET RUBANS;LOT DE GAZES ET RUBANS;
SPCORR;SOIN PROF CORRECTEUR;CORRECTING PROF TREAT;
BALLESMASS;JEU DE 2 BALLES DE MASSAGE;JEU DE 2 BALLES DE MASSAGE;
GELEMOLLIENT;GEL EMOLLIENT ONGLES;GEL EMOLLIENT ONGLES;
MALLETTE;MALLETTE MAQUILLAGE SOIN;MALLETTE MAQUILLAGE SOIN;
2 SIENNE2;2 SIENNE2;2 SIENNE2;
SOINONGLMULTIACT;SOINONGLMULTIACT;SOINONGLMULTIACT;
ACCELSECHAGE;ACCELSECHAGE;ACCELSECHAGE;
1 COQUILLAGE;1 COQUILLAGE;1 COQUILLAGE;
2 PEAU;2 PEAU;2 PEAU;
3 BEIGE POUDRE;3 BEIGE POUDRE;3 BEIGE POUDRE;
4 CARAMEL;4 CARAMEL;4 CARAMEL;
5 TOMMETTE;5 TOMMETTE;5 TOMMETTE;
SOINTHERMJOUR;SOIN THERMAL JOUR;SOIN THERMAL JOUR;
SERUMOXY2;SERUM OXYLIANCE 2;SERUM OXYLIANCE 2;
21 BLEUDENSE;21 BLEUDENSE;21 BLEUDENSE;
SOINSOLEILVELINTENSE;SOINSOLEILVELINTENSE;SOINSOLEILVELINTENSE;
1 ROUGEGRENAT;1 ROUGEGRENAT;1 ROUGEGRENAT;
BIJOUDETEINT;BIJOUDETEINT;BIJOUDETEINT;
SPAUTOMNE;SOIN PROF D'AUTOMNE;SOIN PROF D'AUTOMNE;
MASQOXY;MASQUE OXYGENANT;MASQUE OXYGENANT;
SERPOSTEPIL;SERUM POST EPILATOIRE;SERUM POST EPILATOIRE;
8 ROSEDESSABLES;8 ROSEDESSABLES;8 ROSEDESSABLES;
7 NUDITE;7 NUDITE;7 NUDITE;
PALLEVRMAG;PALETTE LEVRES MAGIQUE;PALETTE LEVRES MAGIQUE;
14 RAISIN;14 RAISIN;14 RAISIN;
SERUMSECRETS;SERUM SECRETS DE SOTHYS;SERUM SECRETS DE SOTHYS;
TISECRETS;TI SECRETS DE SOTHYS;TI SECRETS DE SOTHYS;
HUILEDOUCHE;HUILE DOUCHE;HUILE DOUCHE;
PHILTREMODEL;PHILTRE DE MODELAGE;PHILTRE DE MODELAGE;
SPPRINTEMPS;SOIN PROFESSIONNEL PRINTEMPS;SOIN PROFESSIONNEL PRINTEMPS;
TIHOMME;TI HOMME;TI HOMME;
SERUMMINCSCULPT;SERUM MINCEUR EFF SCULPTANT;SERUM MINCEUR EFF SCULPTANT;
FONDANTTHERMO;FONDANT THERMOSUDATION;FONDANT THERMOSUDATION;
BRUMISATEUR;BRUMISATEUR;BRUMISATEUR;
BRULEPARFUM;BRULE PARFUM;BRULE PARFUM;
SOINENSOLEIL;SOIN ENSOLEILLANT HALE PROG;SOIN ENSOLEILLANT HALE PROG;
9 BRAISE;9 BRAISE;9 BRAISE;
8 ECORCE;8 ECORCE;8 ECORCE;
15 TERRE DOREE;15 TERRE DOREE;15 TERRE DOREE;
1 CHIMERE;1 CHIMERE;1 CHIMERE;
2 LUMIERE;2 LUMIERE;2 LUMIERE;
3 FEU;3 FEU;3 FEU;
ACCESSCHAUFFANT;ACCESSOIRE CHAUFFANT;ACCESSOIRE CHAUFFANT;
CDMUSICALSECRET;CD MUSICAL SECRETS;CD MUSICAL SECRETS;
TISANESECRETS;TISANE SECRETS;TISANE SECRETS;
LINGETTESDEMAQ;LINGETTES DE DEMAQUILLAGE;MAKE UP REMOVING WIPES;
AUTOBRONZANTVC;AUTOBRONZANT V&C;AUTOBRONZANT V&C;
SOINHPSPF30;SOIN HAUTE PRO SPF30;SOIN HAUTE PRO SPF30;
LAITBRONZSPF20;LAIT BR MOY PR SPF20;LAIT BR MOY PR SPF20;
SOINTEINTESPF10;SOIN TEINTE SPF10;SOIN TEINTE SPF10;
GELIRISEVCSPF8;GEL IRISE V&C SPF8;GEL IRISE V&C SPF8;
SOINREGENERANTV;SOIN REG ANTI-AGE V;SOIN REG ANTI-AGE V;
FLUIDEFRAICHEURC;FL FRAICHEUR APAI C;FL FRAICHEUR APAI C;
SOINENSOLEILVC;SOIN ENSOLEILL V&C;SOIN ENSOLEILL V&C;
GOMMDESINCRUST;GOMMAGE DESINCR;GOMMAGE DESINCR;
COFFCERORIENT;COFF CER ORIENT;COFF CER ORIENT;
SOINETINCPOSTEPIL;SOIN ETENC POST EPIL;SOIN ETENC POST EPIL;
FLUIDEDEMAQVIS;FLUIDE DEMAQ VISAGE;FLUIDE DEMAQ VISAGE;
EAUFLORALE;EAUFLORALE;EAUFLORALE;
FLUIDELACTECORPS;FLUIDE LACTE CORPS;FLUIDE LACTE CORPS;
SOINFONDANTVIS;SOIN FONDANT VISAGE;SOIN FONDANT VISAGE;
MASQUECONFORT;MASQUE CONFORT;MASQUE CONFORT;
MODELAGEHELIANTHUS;MODELAGE HELIANTHUS;MODELAGE HELIANTHUS;
DOUCHEAROMAT;DOUCHEAROMAT;DOUCHEAROMAT;
1 GIVRE DE ROSE;1 GIVRE DE ROSE;1 GIVRE DE ROSE;
2 BRUN VELOUTE;2 BRUN VELOUTE;2 BRUN VELOUTE;
3 NATUREL;3 NATUREL;3 NATUREL;
4 ROSE BOUDOIR;4 ROSE BOUDOIR;4 ROSE BOUDOIR;
1 NOIR;1 NOIR;1 NOIR;
2 NOISETTE;2 NOISETTE;2 NOISETTE;
3 VIOLINE;3 VIOLINE;3 VIOLINE;
4 GRIS LUMIERE;4 GRIS LUMIERE;4 GRIS LUMIERE;
2 BRUN CUIVRE;2 BRUN CUIVRE;2 BRUN CUIVRE;
3 PRUNE SENSUEL;3 PRUNE SENSUEL;3 PRUNE SENSUEL;
17 BEAUTE D'HIVER;17 BEAUTE D'HIVER;17 BEAUTE D'HIVER;
7 BRUN MAT;7 BRUN MAT;7 BRUN MAT;
8 TENDRE ABRICOT;8 TENDRE ABRICOT;8 TENDRE ABRICOT;
9 VERT EMERAUDE;9 VERT EMERAUDE;9 VERT EMERAUDE;
DUO SOURCILS;DUO SOURCILS;DUO SOURCILS;
PAL MAQ AH08-09;PALETTE MAQUILLAGE AH08-09;PALETTE MAQUILLAGE AH08-09;
MASQUEGOMMANT;MASQUE GOMMANT;MASQUE GOMMANT;
DOUBLESYSTEME;DOUBLE SYSTEME;DOUBLE SYSTEME;
SOINRENOVATEUR;SOIN RENOVATEUR;SOIN RENOVATEUR;
CREMEMAINS;CREME MAINS;CREME MAINS;
BOL;BOL;BOL;
BECHER;BECHER;BECHER;
SHAKER;SHKER;SHKER;
CUILLERE;JEU DE CUILLERES DOSEUSES;SET OF GRADUATED SPOONS;
CHAUFFERETTE;LOT 6*2 CHAUFFERETTES;SET 6*2  INST HEATERS;
3 VEGETAL TATOO;3 VEGETAL TATOO;3 VEGETAL TATOO;
18 ROUGE FLORAL;18 ROUGE FLORAL;18 ROUGE FLORAL;
1 COQUELICOT;1 COQUELICOT;1 COQUELICOT;
2 PETALES FUCHSIA;2 PETALES FUCHSIA;2 PETALES FUCHSIA;
1 KAKI;1 KAKI;1 KAKI;
2 IRIS;2 IRIS;2 IRIS;
COFFHANAKASUMI;COFF RITUEL HANAKASUMI;HANAKASUMI RITUAL BOX;
HUILESATINEE;HUILESATINEE;HUILESATINEE;
SERVGOMMJAP;SERVIETTE GOMM JAP;SERVIETTE GOMM JAP;
SPATULE;SPATULE;SPATULA;
COFPROGRCRENEW;COFF PROGR C RENEWAL;COFF PROGR C RENEWAL;
CDMUSICALPROSPA;CD MUSICAL PROSPA;CD MUSICAL PROSPA;
CDMUSHANAKASUMI;CD MUSICAL HANAKASUMI;CD MUSICAL HANAKASUMI;
DVDHANAKASUMI;DVD HANAKASUMI;DVD HANAKASUMI;
GOMMHELNOIX;GOMMAGE HELIANTHUS NOIX;GOMMAGE HELIANTHUS NOIX;
SOLAFFMATITE;SOLUTION AFFINANTE MATITE;SOLUTION AFFINANTE MATITE;
SOLAFFLISSANTE;SOLUTION AFFINANTE LISSANTE;SOLUTION AFFINANTE LISSANTE;
MASQUEREVPEELOFF;MASQUE REVELATEUR PEELOFF;MASQUE REVELATEUR PEELOFF;
PERFECTEURTEINT;PERFECTEUR DE TEINT;COMPLEXION PERFECTOR;
DVDPROSPA;DVD PROSPA;DVD PROSPA;
1 INTEMPOREL;1 INTEMPOREL;1 INTEMPOREL;
GLOSSEFFETLUM;GLOSS EFFET LUMIERE;GLOSS EFFET LUMIERE;
RAL STYLO;ROUGE A LEVRES STYLO;ROUGE A LEVRES STYLO;
DUOBEAUTELEVRES;DUO BEAUTE DES LEVRES;DUO BEAUTE DES LEVRES;
BASE PAUPIERES;BASE PAUPIERES LUMIERE;BASE PAUPIERES LUMIERE;
PLUIESCINTILLANTE;PLUIE SCINTILLANTE;PLUIE SCINTILLANTE;
19 RETRO VIOLET;19 RETRO VIOLET;19 RETRO VIOLET;
10 GRIS LAME;10 GRIS LAME;10 GRIS LAME;
11 BLEU NUIT;11 BLEUT NUIT;11 BLEUT NUIT;
TICCOLLAGHYALUR;TI C COLLAG HYALURONIQUE;TI C COLLAG HYALURONIQUE;
SERUMGRADE1;SERUM REVITALISANT GRADE 1;SERUM REVITALISANT GRADE 1;
SERUMGRADE2;SERUM LIFTANT GRADE 2;SERUM LIFTANT GRADE 2;
SERUMGRADE3;SERUM RESTRUCTUR GRADE 3;SERUM RESTRUCTUR GRADE 3;
20 AMBRE ROSE;20 AMBRE ROSE;20 AMBRE ROSE;
1 NUDE;1 NUDE;1 NUDE;
2 REFLETS DE CORAIL;2 REFLETS DE CORAIL;2 REFLETS DE CORAIL;
1 SABLE DORE;1 SABLE DORE;1 SABLE DORE;
EXFOLIANTPRMINC;EXF PREPARATEUR MINCEUR;EXF PREPARATEUR MINCEUR;
CRV&CORPSSPF10;CREME VISAGE & CORPS SPF10;CREME VISAGE & CORPS SPF10;
CRGRADE1;CREME GRADE 1;CREME GRADE 1;
CRGRADE2;CREME GRADE 2;CREME GRADE 2;
CRGRADE3;CREME GRADE 3;CREME GRADE 3;
CRGRADE4;CREME GRADE 4;CREME GRADE 4;
SERUMGRADE4;SERUM GRADE 4;SERUM GRADE 4;
DBLEMASQANTIAGE;DOUBLE MASQUE ANTI-AGE;DOUBLE MASQUE ANTI-AGE;
SOINGALBCOU;SOIN GALBANT COU;SOIN GALBANT COU;
CRGRADE2CONFORT;CREME CONFORT GRADE 2;CREME CONFORT GRADE 2;
CRGRADE3CONFORT;CREME CONFORT GRADE 3;CREME CONFORT GRADE 3;
DUOCOMPSOLEIL;DUO COMPLEMENTS SOLEIL;DUO COMPLEMENTS SOLEIL;
MASQPELLRIZBIO;MASQUE PELLICULABLE RIZ BIO;MASQUE PELLICULABLE RIZ BIO;
HUILENOURRCORPS;HUILE NOURRISSANTE CORPS;HUILE NOURRISSANTE CORPS;
HUILEDEMODELV&C;HUILE DE MODELAGE V&C;HUILE DE MODELAGE V&C;
POUDREEXFNOYABB;POUDRE EXF NOY ABRICOT BIO;POUDRE EXF NOY ABRICOT BIO;
SPNETTOYANT;SP PEELING RESURFACANT;RESURF PEELING TREAT;
1 NOIR STRASSE;1 NOIR STRASSE;1 NOIR STRASSE;
1 FUMEE;1 FUMEE;1 FUMEE;
32 ROSE GLAMOUR;32 ROSE GLAMOUR;32 ROSE GLAMOUR;
33 ROUGE ROCK;33 ROUGE ROCK;33 ROUGE ROCK;
21 METAL;21 METAL;21 METAL;
22 VAO;22 ROSE IMPERIAL;22 ROSE IMPERIAL;
1 STICK;1 MAUVE DENTELLE;1 MAUVE DENTELLE;
2 STICK;2 BRUN DENTELLE;2 BRUN DENTELLE;
14 GLOSS;14 ORCHIDEE;14 ORCHIDEE;
1 BAUME;1 KARITE;1 KARITE;
1 TERRE;1 DENTELLE;1 DENTELLE;
CRNUTRCONF;CREME NUTRITIVE CONFORT;NUTRITIVE COMFORT CR;
ELRELIPESS;ELIXIR RELIPIDANT ESSENTIEL;ESSENTIAL LIPID ELIXIR;
GANTS/S;LOT DE 100 GANTS 6BL/S;SET OF 100 GLOVES 6BL/S;
ELIXIRCERISIER;ELIXIR NOUR CERISIER;CHERRY BLOSSOM ELIXIR;
ELIXIRCANNELLE;ELIXIR NOUR CANNELLE;CINNAMON ELIXIR;
ELIXIRBOISORAN;ELIXIR NOUR FL ORANGER;ORANGE BLOSSOM ELIXIR;
ELIXIRCITRON;ELIXIR NOUR CITRON;LEMON NOUR ELIXIR;
ELIXIRVANILLE;ELIXIR NOUR VANILLE;ELIXIR NOUR VANILLE;
BRUMEHYDCERISIER;BRUME HYD CERISIER;BRUME HYD CERISIER;
BRUMEHYDCAN;BRUME HYD CANNELLE;BRUME HYD CANNELLE;
GOMCERISIER;GOMMAGE CERISIER;CHERRY SCRUB;
GOMDELCANNELLE;GOMMAGE DEL CANNELLE;CINNAMON DEL SCRUB;
CRDOUCHECERISIER;CREME DOUCHE CERISIER;CHERRY SHOWER CREAM;
GELDOUCHECAN;GEL DOUCHE CANNELLE;CINNAMON SHOWER GEL;
EAUDESOINEV;EAU DE SOIN EVENEMENT;EAU DE SOIN EVENEMENT;
BOUGIEEV;BOUGIE EVENENEMENT;BOUGIE EVENENEMENT;
HUILEDEMODELAGE;PRO HUILE DE MODELAGE;MODELLING OIL PRO;
CIREDEMODELAGE;PRO CIRE DE MODELAGE;MODELLING WAX PRO;
CREMEDEMODELAGE;PRO CREME DE MODELAGE;MODELLING CREAM PRO;
SELSGOMMANTS;PRO GOMMAGE SUCRE SEL;SUGAR SALT SCRUB PRO;
EVBOISORANGER;PRO EVASION FLEUR ORANGER;ORANGE BLOSSOM ESCAPE PRO;
EVASIONCITRON;PRO EVASION CITRON;LEMON ESCAPE PRO;
EVASIONVANILLE;EVASION VANILLE;EVASION VANILLE;
SPEVENEMENT;SP EVENEMENT;SP EVENEMENT;
SHAMPOOING;SHAMPOOING;SHAMPOOING;
SAVONCERISIER;SAVON CERISIER;SAVON CERISIER;
WCONCDBLEACT;W CONCENTRE DOUBLE ACTION;W CONCENTRE DOUBLE ACTION;
WFLUIDE;FLUIDE ECLAT;BRIGHTENING FLUID;
WLOTION;LOTION PREPARATRICE;PREPARATIVE LOTION;
WMASQUE;MASQUE ECLAT;BRIGHTENING MASK;
SERUMVITC;PRO SERUM VIT C;VIT C SERUM PRO;
CDMUSBIENETRE;CD MUSICAL BIEN ETRE;CD MUSICAL BIEN ETRE;
GANTS/M;GANTS TAILLE M;GANTS TAILLE M;
2 RAL STYLO;2 ROSE;2 ROSE;
3 RAL STYLO;3 BRUN;3 BRUN;
23 VAO;23 MOKA;23 MOKA;
7 TEINTLD;7 BEIGE;7 BEIGE;
1 MARRON;1 MARRON;1 MARRON;
2 BLEU GRIS;2 BLEU GRIS;2 BLEU GRIS;
5 CRAYON;5 MARRON;5 MARRON;
6 CRAYON;6 BLEU GRIS;6 BLEU GRIS;
3 GRENADINE;3 GRENADINE;3 GRENADINE;
HCRLEGERE;CREME LEGERE;CREME LEGERE;
HCRCONFORT;CREME CONFORT;CREME CONFORT;
HSERINTENSIF;SER INTENSIF HYDRANT;SER INTENSIF HYDRANT;
HMASQHYDRANOUR;MASQUE HYDRA NOURRISSANT;MASQUE HYDRA NOURRISSANT;
TIHYDRATANT;TI HYDRATANT;TI HYDRATANT;
MIXEUR;MIXEUR COSMETIQUE;MIXEUR COSMETIQUE;
COMP LUMIERE;COMP LUMIERE;COMP LUMIERE;
2 TERRE;2 TERRE;2 TERRE;
GANTS;PAIRE DE GANTS EXFOL CORPS;SET OF 2 EXFOLIATING GLOVES;
CREMEPRO;CR HTE PROTECT SPF15;CR HTE PROTECT SPF15;
CRDOUCHEEV2012;CR DOUCHE EV 2012;CR DOUCHE EV 2012;
WNETTOYANT;CREME NETTOYANTE;CLEANSING CREAM;
COFF930235;COFFRET KIT DECOUVERT X250;COFFRET KIT DECOUVERT X250;
2 GRIS;2 GRIS;2 GRIS;
2 GRIS ETE;2 GRIS D'ETE;2 GRIS D'ETE;
24 FRUITS ROUGES;24 FRUITS ROUGES;24 FRUITS ROUGES;
2 ROSE PECHE;2 ROSE PECHE;2 ROSE PECHE;
3 FRUITS ROUGES;3 FRUITS ROUGES;3 FRUITS ROUGES;
VOILE ETE 2;VOILE D'ETE 2;VOILE D'ETE 2;
SERACTMINC;SERUM ACTIVATEUR MINCEUR;SERUM ACTIVATEUR MINCEUR;
MINCCAPT24;MINCEUR CAPITALE 24;MINCEUR CAPITALE 24;
CRGALBANTE;CREME GALBANTE;CREME GALBANTE;
CRTONIFIANTE;CREME TONIFIANTE;CREME TONIFIANTE;
CRMAINS;CREME MAINS VELOURS;HAND CREAM;
GOMM/ENVELMINC;PRO GOMM ENVELOP MINC;SLIM PEELING WRAP PRO;
FLMODMINC;PRO FLUIDE MODELAGE MINC;SLIMMING MODELLING FL PRO;
CONCCELLAD;PRO CONCENTRE CELL ADIPEUSE;BODY SER ADIPOSE CELL PRO;
CONCCELLAQ;PRO CONCENTRE CELL AQUEUSE;BODY SER AQUEOUS CELL PRO;
CONCCELLFI;PRO CONCENTRE CELL FIBREUSE;BODY SER FIBROUS CELL PRO;
CONCFERM;CONCENTRE FERMETE;CONCENTRE FERMETE;
CRGOMMCORPS;CREME GOMMAGE CORPS;CREME GOMMAGE CORPS;
ENVPELLTONIFIANT;ENV PELLICULABLE TONIFIANT;ENV PELLICULABLE TONIFIANT;
3,5 BEIGE;3,5 BEIGE;3,5 BEIGE;
FLLACTEEV;FLUIDE LACTE EV;FLUIDE LACTE EV;
1 NOIR PROFOND;1 NOIR PROFOND;1 NOIR PROFOND;
15 GLOSSY PRUNE;15 GLOSSY PRUNE;15 GLOSSY PRUNE;
16 BORDEAUX LIGHT;16 BORDEAUX LIGHT;16 BORDEAUX LIGHT;
25 GRIS LUMIERE;25 GRIS LUMIERE;25 GRIS LUMIERE;
26 VIOLET PERLE;26 VIOLET PERLE;26 VIOLET PERLE;
1 BEIGE ROSE;1 BEIGE ROSE;1 BEIGE ROSE;
2 BEIGE;2 BEIGE;2 BEIGE;
NETTENERGISANT;NETT ENERGISANT VISAGE;ENERGIZ FACE CLEANSER;
GELDOUCHE;GEL DOUCHE VITALITE C&C;H&B REVITALIZING GEL;
MOUSSERASAGE;MOUSSE DE RASAGE;MOUSSE DE RASAGE;
FLUIDEAAHYDRA;FLUIDE ANTI-AGE HYDRATANT;AGE-DEFYING HYDRAT FL;
DEFATIGANTYEUX;DEFATIGANT YEUX;DEFATIGANT YEUX;
EDT;EAU DE TOILETTE;EAU DE TOILETTE;
SERVAA;PRO SERUM VISAGE ANTI-AGE;AGE-DEFYING FACE SERUM PRO;
LOTCAPVIT;PRO LOT CAPILLAIRE VITALITE;VITALITY CAPILLARY LOT PRO;
CONCENTREPARF;PRO CONCENTRE PARF HOMME;PERFUMED CONC FOR MEN PRO;
SHAMPAPRESSOL;SHAMPOING APRES-SOLEIL;SHAMPOING APRES-SOLEIL;
CUREOXYMINERAUX;CURE OXY-MINERAUX;CURE OXY-MINERAUX;
GOMMMASQUE;GOMMAGE MASQUE 2 EN 1;GOMMAGE MASQUE 2 EN 1;
LAITVITALITE;LAIT VITALITE;VITALITY MILK;
LOTIONVITALITE;LOTION VITALITE;VITALITY LOTION;
LAITCONFORT;LAIT CONFORT;LAIT CONFORT;
LOTIONCONFORT;LOTION CONFORT;LOTION CONFORT;
LAITPURETE;LAIT PURETE;PURITY MILK;
LOTIONPURETE;LOTION PURETE;PURITY LOTION;
LAITCLARTE;LAIT CLARTE;CLARITY MILK;
LOTIONCLARTE;LOTION CLARTE;CLARITY LOTION;
GELEEGOMM;GELEE GOMMANTE;MICRO GEL PEELING;
DEMAQBIPHASE;DEMAQUILLANT BIPHASE YEUX;BIPHAS EYE MAKE-UP REM;
CUREOXYVITAMIN;CURE OXY-VITAMINES;CURE OXY-VITAMINES;
GELDOUCHEEVCP;GEL DOUCHE EV CITRON PATCH;GEL DOUCHE EV CITRON PATCH;
HUILESCINTILLANTE;HUILE SCINTILLANTE C&C;HAIR&BODY SHIMMERING OIL;
BELETEGELDOUCHE;BEL ETE GEL DOUCHE;BEL ETE GEL DOUCHE;
SOINREGARDMA;CREME LUMIERE;LIGHT CREAM;
ROLLONANTIPOCH;ROLL-ON CRYO ANTI-POCHES;ANTI-PUFF CRYO ROLL-ON;
CORRECTANTICERN;CORRECTEUR ANTI-CERNES;DARK CIRCLE ERASER;
SPCONTOURYEUX;SOIN PRO CONTOUR YEUX;EYE CONTOUR PRO TREAT;
CUILLERESPORCEL;JEU 2 CUILLERES PORCELAINE;SET OF 2 PORCELAIN SPOONS;
CRLEGELEUTH;CR LEGERE ELEUTH;CR LEGERE ELEUTH;
CRCONFELEUTH;CR CONFORT ELEUTH;CR CONFORT ELEUTH;
CRNUITELEUTH;CR NUIT ELEUTH;CR NUIT ELEUTH;
TIELEUTH;TI ELEUTH;TI ELEUTH;
B 10 BEIGE 10;TEINT MAT B10;TEINT MAT B10;
B 20 BEIGE 20;TEINT NATUREL B20;TEINT NATUREL B20;
B 30 BEIGE 30;TEINT NATUREL B30;TEINT NATUREL B30;
B 40 BEIGE 40;TEINT NATUREL B40;TEINT NATUREL B40;
B 50 BEIGE 50;B 50 BEIGE 50;B 50 BEIGE 50;
BR 10 BEIGE ROSE 10;TEINT MAT BR10;TEINT MAT BR10;
BR 20 BEIGE ROSE 20;TEINT NATUREL BR20;TEINT NATUREL BR20;
BR 30 BEIGE ROSE 30;TEINT NATUREL BR30;TEINT NATUREL BR30;
BR 40 BEIGE ROSE 40;TEINT MAT BR40;TEINT MAT BR40;
BR 50 BEIGE ROSE 50;TEINT MAT BR50;TEINT MAT BR50;
10 TRANSPARENT;TEINT TRANSPARENT;FIXATING COMPACT POWDER;
10 UNIVERSEL BEIGE;STYLO CORREC IMPERFECTION;CONCEALER PENCIL;
10 TRIO ENLUMINEUR;10 TRIO ENLUMINEUR;10 TRIO ENLUMINEUR;
10 NOIR ESSENTIEL;MASCARA ESSENTIEL;ESSENTIAL MASCARA;
10 INTENSITE 1;STYLO SOURCILS 10;EYEBROW PENCIL 10;
20 INTENSITE 2;STYLO SOURCILS 20;EYEBROW PENCIL 20;
110 BEIGE BATIGNOLLE;110 BEIGE BATIGNOLLES;110 BEIGE BATIGNOLLES;
111 ROSE MUETTE;ROUGE DOUX SOTHYS 111;ROUGE DOUX SOTHYS 111;
112 PRUNE OBERKAMPF;ROUGE DOUX SOTHYS 112;ROUGE DOUX SOTHYS 112;
120 PRUNE ALEXANDRE3;120 PRUNE ALEXANDRE III;120 PRUNE ALEXANDRE III;
121 PRUNE LUXEMBOURG;ROUGE DOUX SOTHYS 121;ROUGE DOUX SOTHYS 121;
122 ROUGE HAUSSMANN;122 ROUGE HAUSSMANN;122 ROUGE HAUSSMANN;
123 ORANGE FOCH;123 ORANGE FOCH;123 ORANGE FOCH;
130 ORANGE SOUFFLOT;130 ORANGE SOUFFLOT;130 ORANGE SOUFFLOT;
131 ROSE BONNE NOUVE;ROUGE DOUX SOTHYS 131;ROUGE DOUX SOTHYS 131;
132 ROUGE GRENELLE;ROUGE DOUX SOTHYS 132;ROUGE DOUX SOTHYS 132;
210 BEIGE MONTSOURIS;210 BEIGE MONTSOURIS;210 BEIGE MONTSOURIS;
220 ORANGE PICPUS;ROUGE INTENSE SOTHYS 220;ROUGE INT SOTHYS 220;
221 ORANGE BASTILLE;ROUGE INTENSE SOTHYS 221;ROUGE INT SOTHYS 221;
230 ROSE TUILERIES;ROUGE INTENSE SOTHYS 230;ROUGE INT SOTHYS 230;
231 ROSE CHAMPS MARS;ROUGE INTENSE SOTHYS 231;ROUGE INT SOTHYS 231;
232 ROSE PASSY;ROUGE INTENSE SOTHYS 232;ROUGE INT SOTHYS 232;
233 ROSE AUTEUIL;233 ROSE AUTEUIL;233 ROSE AUTEUIL;
240 ROUGE DROUOT;ROUGE INTENSE SOTHYS 240;ROUGE INT SOTHYS 240;
241 ROUGE MONCEAU;ROUGE INTENSE SOTHYS 241;ROUGE INT SOTHYS 241;
242 ROUGE ABBESSE;ROUGE INTENSE SOTHYS 242;ROUGE INT SOTHYS 242;
10 ROSE TRANSPARENT;10 ROSE TRANSPARENT;10 ROSE TRANSPARENT;
10 BEIGE NATUREL;TEINT LUMI 10 BEIGE NAT;TEINT LUMI BEIGE NAT 10;
20 BEIGE SABLE;20 BEIGE SABLE;20 BEIGE SABLE;
30 BEIGE DORE;30 BEIGE DORE;30 BEIGE DORE;
WFLUIDESPF50;FLUIDE PROT SPF50 W+;PROT FLUID SPF50 W+;
EVASIONCARDAMOME;EVASION CARDAMOME BAIES;EVASION CARDAMOME BAIES;
EVASIONLYS;EVASION LYS BAMBOU;EVASION LYS BAMBOU;
BAUMEAPRASAGE;BAUME APAIS. APRES-RASAGE;SOOTHING AFTER-SHAVE;
DEO;DEO HOMME;DEO HOMME;
EDT INTENSE;EAU DE TOILETTE INTENSE;EAU DE TOILETTE INTENSE;
FLUIDEVISSPF50;FLUIDE PROT. VISAGE SPF50;FACE PROT. FLUID SPF50;
LAITV&CSPF30;LAIT PROTECTEUR V&C SPF30;F&B PROT. LOTION SPF30;
FLUIDEV&CSPF20;FLUIDE PROTECT. V&C SPF20;F&B PROTECT FLUID SPF20;
LAITAPSOLCORPS;LAIT APRES-SOLEIL CORPS;AFTER-SUN BODY LOTION;
SOINAPSOLVIS;SOIN APRES-SOLEIL VISAGE;AFTER-SUN FACE TREAT.;
GELEEAUTOBRV&C;GELEE AUTOBRONZANTE V&C;F&B SELF-TANNING GEL;
ELIXIRCARDAMOME;ELIXIR CARDAMOME BAIES ROSES;ELIXIR CARDAMOME BAIES ROSES;
ELIXIRLYS;ELIXIR LYS BAMBOU;ELIXIR LYS BAMBOU;
GELJBESLEG;GEL JAMBES LEGERES;GEL JAMBES LEGERES;
SPATULECRVISAGE;LOT 5 SPATULES CR VISAGE;SET OF 5 FACE CR SPATULAS;
PINCEAUPOUDRE;PINCEAU POUDRE MAQ;MAKEUP POWDER BRUSH;
PINCEAUFDT;PINCEAU FDT MAQ;MAKEUP FDT BRUSH;
PINCEAUBLUSH;PINCEAU BLUSH MAQ;MAKEUP BLUSH BRUSH;
PINCEAUOAP1;PINCEAU OAP1;PINCEAU OAP1;
PINCEAUOAP2;PINCEAUX YEUX 20 MAQ;MAKEUP EYE 20 BRUSH;
PINCEAUSOURCILS;DOUBLE PINCEAU SOURCILS MAQ;DOUBLE MAKEUP EYEBROW BRUSH;
PINCEAULEVRES;PINCEAU LEVRES MAQ;MAKEUP LIPS BRUSH;
PEELINGPURETE;PEELING AUX 3 SELS;PEELING WITH 3 SALTS;
BOUEAUTOCHAUF;BOUE AUTO-CHAUFFANTE;BOUE AUTO-CHAUFFANTE;
LOGISTIQUE;LOGISTIQUE;LOGISTIQUE;
CRMAINSAH;CREME MAINS SOINS AH;CREME MAINS SOINS AH;
EAUMICSPA;EAU MICELLAIRE SPA;EAU MICELLAIRE SPA;
LAITCONFSPA;LAIT CONFORT SPA;COMFORT MILK SPA;
LOTCONFSPA;LOTION CONFORT SPA;COMFORT LOTION SPA;
CRAPSPA;CREME APAISANTE SPA;SOOTHING CREAM SPA;
FLAPSPA;FLUIDE APAISANT SPA;SOOTHING FLUID SPA;
MASQSPA;MASQUE NUTRI- APAIS SPA;SOOTHING MASK SPA;
SERAPSPA;SERUM APAISANT SPA;SOOTHING SERUM SPA;
SPPSSPA;SP PEAUX SENSIBLES SPA;SPA SENSITIVE SKIN TREAT;
GOMCITRON;GOMMAGE CITRON PETITGRAIN;GOMMAGE CITRON PETITGRAIN;
HYDMASQASIE;MASQUE HYDRATANT ASIE;MASQUE HYDRATANT ASIE;
HYDCRLEGASIE;CR LEGERE HYDRATANTE ASIE;CR LEGERE HYDRATANTE ASIE;
HYDCRCONFASIE;CR CONFORT HYDRATANTE  ASIE;CR CONFORT HYDRATANTE  ASIE;
HYDSERASIE;SERUM HYDRATANT ASIE;SERUM HYDRATANT ASIE;
TIHYDASIE;TI HYDRATANT ASIE;TI HYDRATANT ASIE;
10 NUIT DOREE;10 NUIT DOREE;10 NUIT DOREE;
10 REFLET NOCTURNE;10 REFLET NOCURNE;10 REFLET NOCURNE;
20 TAUPE INTEMPOREL;20 TAUPE INTEMPOREL;20 TAUPE INTEMPOREL;
10 NUIT ORANGEE;10 NUIT ORANGEE;10 NUIT ORANGEE;
301 ROUGE NUIT;301 ROUGE NUIT;301 ROUGE NUIT;
300 BEIGE DOUX;300 BEIGE DOUX;300 BEIGE DOUX;
211 BEIGE ST-GERMAIN;211 BEIGE SAINT-GERMAIN;211 BEIGE SAINT-GERMAIN;
222 ORANGE ST-PAUL;222 ORANGE SAINT-PAUL;222 ORANGE SAINT-PAUL;
20 BRUN INTENSE;20 BRUN INTENSE;20 BRUN INTENSE;
HUILEDOUCHESOL;HUILE DE DOUCHE SOLAIRE;HUILE DE DOUCHE SOLAIRE;
GLYSALACDB;DERMOBOOSTER GLYSALAC;GLYSALAC DERMOBOOSTER;
RETINOLDB;DERMOBOOSTER RETINOL;RETINOL DERMOBOOSTER;
ULTRACDB;DERMOBOOSTER ULTRA C;ULTRA C DERMOBOOSTER;
GLYSALACPP;GLYSALAC PRO PEEL;GLYSALAC PRO PEEL;
GLYSALACSP;GLYSALAC SKIN PREPARER;GLYSALAC SKIN PREPARER;
REGENERATSOL;REGENERATIVE SOLUTION;REGENERATIVE SOL;
EMBELLISDTEINTEC;EMBELLISEUR DE TEINT ECLAT;EMBELLISEUR DE TEINT ECLAT;
GELJAMBLEG;GEL JAMBES LEGERS;GEL JAMBES LEGERS;
GELDOUCHECITRON;GEL DOUCHE CITRON;LEMON SHOWER GEL;
MINCEURCAP;MINCEUR CAPITALE;MINCEUR CAPITALE;
NETTQUOT;NETTOYANT QUOTIDIEN HOMME;NETTOYANT QUOTIDIEN HOMME;
SERRECHENERG;SER RECHARGE ENERGISANTE;ENERGIZING BOOSTER SER;
AMPECLATENERG;AMPOULES ECLAT ENERGIS;ENERG RADIANCE AMP;
CORRENERGINST;CORRECTEUR ENERG INSTANT;INST ENERGIZ CORRECTOR;
CRJOURENERG;CREME JOUR ENERGISANTE;CREME JOUR ENERGISANTE;
CRJOURCONFENERG;CREME JOUR CONF ENERG;CREME JOUR CONF ENERG;
CRNUITENERG;CREME NUIT ENERGISANTE;CREME NUIT ENERGISANTE;
10 DORE;10 DORE;10 DORE;
141 CORAIL VIVIENNE;141 CORAIL VIVIENNE;141 CORAIL VIVIENNE;
140 BEIGE GARIBALDI;140 BEIGE GARIBALDI;140 BEIGE GARIBALDI;
30 SABLE FIN;30 SABLE FIN;30 SABLE FIN;
40 BRONZE NACRE;40 BRONZE NACRE;40 BRONZE NACRE;
303 ORANGE EXOTIQUE;303 ORANGE EXOTIQUE;303 ORANGE EXOTIQUE;
304 ROUGE GRENADINE;304 ROUGE GRENADINE;304 ROUGE GRENADINE;
10 TRIO DE BEIGES;TRIO ENLUMINEUR;ILLUMINATING TRIO;
20 TRIO DE ROSES;20 TRIO DE ROSES;20 TRIO DE ROSES;
MINCEURCAPITAL;MINCEUR CAPITALE;ESSENTIAL SLIMMING CARE;
HUILEMODSILH;HUILE MODELAGE TONIFIANTE;TONING MODELLING OIL;
LOTIONENVELEFFGL;LOTION ENVEL EFFET GLACON;LOTION ENVEL EFFET GLACON;
GOMMGRAINS;GOMMAGE GRAINS VISAGE;FACE SCRUB;
BANDESELASTJAMB;24 BANDES ELAST JBES 15CM;24 ELAST STRIPS LEGS 15CM;
MASQHYDRALISS;MASQUE HYDRA LISSANT;HYDRA SMOOTHING MASK;
GOMMDOUCHEARTB;GOMMAGE DOUCHE ART ET BEAUTE;GOMMAGE DOUCHE ART ET BEAUTE;
LAITCORPSARTB;LAIT CORPS ART ET BEAUTE;LAIT CORPS ART ET BEAUTE;
EAUPARFARTB;EAU LEG PARF ART ET BEAUTE;EAU LEG PARF ART ET BEAUTE;
BEURKARITECERISIER;BEURRE DE KARITE CERISIER;CHERRY BLOSSOM BUTTER;
COFFARTETBEAUTE;COFFRET INSP ART ET BEAUTE;COFFRET INSP ART ET BEAUTE;
GOMMBLEUARTB;GOMMAGE PRO BLEU ART ET BEAUTE;GOMMAGE PRO BLEU ART ET BEAUTE;
PORCMODCORPS;PORCELAINE MODELAGE CORPS;PORCELAINE MODELAGE CORPS;
TOILEMODCORPS;TOILE MODELAGE CORPS;TOILE MODELAGE CORPS;
CDMUSICALARTB;CD MUSICAL ART ET BEAUTE;CD MUSICAL ART ET BEAUTE;
10 HARMONIE BAROQUE;10 HARMONIE BAROQUE;10 HARMONIE BAROQUE;
20 MARRON GLACE;20 MARRON GLACE;20 MARRON GLACE;
234 ROSE F-BOURGEOIS;ROUGE INTENSE SOTHYS 234;ROUGE INT SOTHYS 234;
150 OR DES ARTS;150 OR DES ARTS;150 OR DES ARTS;
305 FRAMBOISE ROCK;305 FRAMBOISE ROCK;305 FRAMBOISE ROCK;
306 OR BAROQUE;306 OR BAROQUE;306 OR BAROQUE;
GELDOUCHELYS;GEL DOUCHE LYS;GEL DOUCHE LYS;
GOMMAGELYS;GOMMAGE LYS;GOMMAGE LYS;
LAITCORPSLYS;LAIT CORPS LYS;LAIT CORPS LYS;
SHAMPOOINGLYS;SHAMPOOING LYS;SHAMPOOING LYS;
SAVONESPRIT;SAVON ESPRIT;SAVON ESPRIT;
EAUMIC;EAU MICELLAIRE;MICELLAR WATER;
DESQUAFORTEMIC;DESQUA FORTE MICRODERM;DESQUA FORTE MICRO;
SUBLIMBRONZ;DEM SUBLIM BRONZAGE V&C;F&B TANNING ENHANCER DEM;
LACTICACID;LACTIC ACID;LACTIC ACID;
CRHALEPROGR;CREME DOUCEUR HALE PROGRESSIF;CREME DOUCEUR HALE PROGRESSIF;
MASQFRAICHDEFAT;MASQUE FRAICHEUR DEFATIGANT;MASQUE FRAICHEUR DEFATIGANT;
SPF30CAN;LAIT PROTECT V&C SPF30 CAN;SPF30 F&B PROTEC LOTION CAN;
SERCONTOUR;SERUM OVALE PARFAIT;PERFECT SHAPE SERUM;
SPBRIGHT;SOIN PROF BRIGHTENING;SOIN PROF BRIGHTENING;
AMPOULEESSAA;AMPOULES ESS ANTI-AGE;AA ESSENTIAL AMP;
BXWRINKLE;BX WRINKLE CORRECTOR;BX WRINKLE CORRECTOR;
SPOXYG;SOIN PROF OXYGENANT;SOIN PROF OXYGENANT;
10 ROUGE BIQUE;10 ROUGE BIQUE;10 ROUGE BIQUE;
20 ROSE LUMIERE;20 ROSE LUMIERE;20 ROSE LUMIERE;
10 TAUPE UNIVERSEL;CRAYON SUBLIM SOURCILS;BROW ENHANCER PENCIL;
20 HARMONIE D AUTOMN;20 HARMONIE D'AUTOMNE;20 HARMONIE D'AUTOMNE;
20 TERRE DE SIENNE;20 TERRE DE SIENNE;20 TERRE DE SIENNE;
308 ROUGE BRIQUE;308 ROUGE BRIQUE;308 ROUGE BRIQUE;
SPOVALEPARFAIT;SOIN PRO OVALE PARFAIT;PERF SHAPE PRO TREAT;
SERUMHYDRA3HA;SER INTENSIF HYDRA3HA;INTENS HYDRA3HA SER;
TIHYDRA3HA;TI HYDRA3HA;HYDRA3HA IT;
EAU PARF FRANG PRUNE;EAU PARFUMEE FRANG PRUNE;SCENT WAT FRANG PLUM;
EAU PARF THE FIG;EAU PARF THE VERT FIGUIER;EAU PARF THE VERT FIGUIER;
MOUSSE FRANG PRUNE;MOUSSE HYD FRANGIPANIER PRUNE;MOUSSE HYD FRANGIPANIER PRUNE;
SUBLIMATEUR THE FIG;SUBLIM EXPR THE VERT FIGUIER;SUBLIM EXPR THE VERT FIGUIER;
EVFRANGPRUNE;EVASION FRANGIPANIER PRUNE;EVASION FRANGIPANIER PRUNE;
EVTHEFIGUE;EVASION THE VERT FIGUE;EVASION THE VERT FIGUE;
MASQUECOCOONHYDRANOU;MASQUE COCOON HYDRA NOUR PRO;HYDRA NOUR COCOON MASK PRO;
AMPOULEESSHYDR;AMPOULES ESS HYDRATANTES;HYDRA ESSENTIAL AMP;
AMPOULEESSLUM;AMPOULES ESS LUMIERE;BRIGHT ESSENTIAL  AMP;
AMPOULEESSOXY;AMPOULES ESS OXYGENANTES;OXY ESSENTIAL AMP;
BAUMELEVRESGOUR;BAUME LEVRES GOURMAND;BAUME LEVRES GOURMAND;
MINIPOCH;MINI POCHETTE;MINI POCHETTE;
COFFCADEAU;COFFRET CADEAU;COFFRET CADEAU;
CALECOFFCAD;CALE COFFRET CADEAU;CALE COFFRET CADEAU;
BAUMECOSM;BAUME REPARATEUR;REPAIR BALM;
SERROUGCOSM;AMP. REEQUILIBR ROUGEURS;REDNESS BALANCING AMP;
AMPCCECELLCOSM;AMPOULES REGENERANTES;REGENERATIVE AMPOULES;
GOMMAGECITRON;GOMMAGE CITRON;GOMMAGE CITRON;
GELDOUCHECITR;GEL DOUCHE CITRON;GEL DOUCHE CITRON;
SHAMPOOINGCIT;SHAMPOOING CITRON;SHAMPOOING CITRON;
LAITCORPSCIT;LAIT CORPS CITRON;LAIT CORPS CITRON;
TCAPEEL;TC ACTIF PEELING TRT;TC ACTIF PEELING TRT;
30 GRIS;30 GRIS;30 GRIS;
10 IVOIRE LUMINEUX;10 IVOIRE LUMINEUX;10 IVOIRE LUMINEUX;
20 ROSE TENDRE;20 ROSE TENDRE;20 ROSE TENDRE;
10 FRAMBOISE CHIC;10 FRAMBOISE CHIC;10 FRAMBOISE CHIC;
20 BOIS DE ROSE;20 BOIS DE ROSE;20 BOIS DE ROSE;
307 ROSE NUDE;307 ROSE NUDE;307 ROSE NUDE;
FIX & FRESH BRUME;FIX & FRESH BRUME;FIX & FRESH BRUME;
MIX SOLUTION;MIX SOLUTION;MIX SOLUTION;
SECRETS128;LA CREME SECRETS 128;LA CREME SECRETS 128;
COMBLEURSECR;COMBLEUR SECRETS;COMBLEUR SECRETS;
MODCORPSSECR;PRO MODELAGE CORPS SECRETS;SECRETS BODY MODELL PRO;
GOMCORPSSECR;PRO GOMMAGE CORPS SECRETS;SECRETS BODY SCRUB PRO;
EAULINGESECR;PRO EAU DE LINGE SECRETS;SECRETS LINEN WATER PRO;
BROSSENETT;BROSSE NETTOYANTE SECRETS;SECRETS CLEANSING BRUSH;
20 TERRE DU DESERT;20 TERRE DU DESERT;20 TERRE DU DESERT;
50 SAFARI;50 SAFARI;50 SAFARI;
10 ROSE DES SABLES;10 ROSE DES SABLES;10 ROSE DES SABLES;
10 CACTUS;10 CACTUS;10 CACTUS;
10 TANGERINE;10 TANGERINE;10 TANGERINE;
20 SANGUINE;20 SANGUINE;20 SANGUINE;
309 CORAIL;309 CORAIL;309 CORAIL;
LAITCORPSCITRON;LAIT CORPS CITRON;LEMON BODY LOTION;
SOINEXCELSECRETS;SOIN EXCELLENCE SECRETS;SECRETS EXCELLENCE TRT;
GELDOUCHCITRAME;GEL DOUCHE CITRON AME;GEL DOUCHE CITRON AME;
LAITCORPCITRAME;LAIT CORPS CITRON AME;LAIT CORPS CITRON AME;
SHAMPOCITRAME;SHAMPOOING 2EN1 CITRON 250ML;250ML LEMON 2IN1 SHAMPOO;
SAVONCITRAME;SAVON 20GR AMENITIES X100;100X AMENITIES 20GR SOAP;
MOUSSEDOUCHEHAMMAM;MOUSSE DE DOUCHE;SHOWER FOAM;
GELIXIRHAMMAM;ELIXIR GELIFIE NOURR CORPS;NOUR BODY GEL;
GOMORIENTHAMMAM;PATE DE GOMMAGE ORIENTALE;ORIENTAL EXF PASTE;
SUBLJAMBESHAMMAM;VOILE SUBLIMATEUR JAMBES;BEAUTIFYING LEGS ENH;
COFFHAMMAM;COFFRET SENSATIONS ORIENTAL;SENSATIONS ORIENTAL BOX;
CDMUSICALHAMMAM;CD MUSICAL HAMMAM;CD MUSICAL HAMMAM;
SERFOCUSRIDES;SERUM FOCUS RIDES;WRINKLE SPECIFIC SERUM;
SERFOCUSFERMETE;SERUM FOCUS FERMETE;FIRMING SPECIFIC SER;
SERUNIFIANT;SERUM UNIFIANT;UNIFYING SERUM;
SERDETOXRL;SERUM DETOX;DETOX SERUM;
SERRECONSTITUANT;SERUM RECONSTITUANT;RECONSTRUCTIVE SERUM;
PIPETTESCONCPARF;6 PRO PIPETTES CONCENTRES PARF;6 PIPETTE CONCENTRATE PERF PRO;
BALLOTINSMODELAGE;BALLOTINS DE MODELAGE;BALLOTINS DE MODELAGE;
EVASIONCANNELLE;PRO EVASION CANNELLE;CINNAMON ESCAPE PRO;
GELACTIVMINC;GEL ACTIVATEUR MINCEUR;GEL ACTIVATEUR MINCEUR;
MOUSSEFERM;PROF MOUSSE FERMETE;PROF MOUSSE FERMETE;
MOUSSEMINC;PROF MOUSSE MINCEUR;PROF MOUSSE MINCEUR;
GELLAVANTMAINS;GEL LAVANT MAINS CITRON 250ML;250ML LEMON HAND WASH GEL;
PLATACCAMENITIES;PLATEAU ACCUEIL AMENITIES;AMENITIES TRAIL;
SUPPMETALFL250ML;SUPPORT METAL FLACON 250ML;WALL BRACKET BOTTLE 250ML;
BASEBRULEPARFUM;BASE BRULE PARFUM SOTHYS;SOTHYS PERFUME BURNER BASE;
BOLBRULEPARFUM;BOL BRULE PARFUM SOTHYS;SOTHYS PERFUME BURNER BOWL;
ETIQSUNBURN;ETIQUETTE SUNBURN ALERT;ETIQUETTE SUNBURN ALERT;
SAPEEL;SALICYLIC ACID PRO PEEL;SALICYLIC ACID PRO PEEL;
DEACTIVATOR;NF DE-ACTIVATOR NEUTRALIZING F;NF DE-ACTIVATOR NEUTRALIZING F;
30 VOILE DE ROSE;30 VOILE DE ROSE;30 VOILE DE ROSE;
10 GRIS ZINC;10 GRIS ZINC;10 GRIS ZINC;
20 FEUTRINE PRUNE;20 FEUTRINE PRUNE;20 FEUTRINE PRUNE;
310 ROSE LEPIC;ROUGE MAT SOTHYS 310;ROUGE MAT SOTHYS 310;
320 ROUGE DES ARTS;ROUGE MAT SOTHYS 320;ROUGE MAT SOTHYS 320;
330 ORANGE VIVIENNE;330 ORANGE VIVIENNE;330 ORANGE VIVIENNE;
310 ROUGE DES ARTS;310 ROUGE DES ARTS;310 ROUGE DES ARTS;
1CRJEUNVIT;CREME JEUNESSE VITALITE;VITALITY YOUTH CREAM;
2CRJEUNRID;CREME JEUNESSE RIDES;WRINKLE-TARG YOUTH CR;
4CRJEUNFERM;CREME JEUNESSE FERMETE;FIRMING YOUTH CREAM;
6CRJEUNRESTR;CREME JEUNESSE RESTRUCT;RESTRUCTURING YOUTH CR;
7CRJEUNREDENS;CREME JEUN REDENSIFIANTE;REDENSIFYING YOUTH CREAM;
TIJEUNESSE;TI JEUNESSE;YOUTH IT;
BR 35;TEINT MAT BR35;TEINT MAT BR35;
BC 40;TEINT MAT BC40;TEINT MAT BC40;
CREMEMAINSCITRON;CREME MAINS CITRON 250ML;250ML LEMON HAND CREAM;
GELULTRASONS;GEL ULTRA SONS;ULTRASOUND GEL;
LOTFLORALESECR;LOTION FLORALE NETTOYANTE SECR;LOTION FLORALE NETTOYANTE SECR;
EVASIONBOISEE;EVASION BOISEE&EPICEE;EVASION BOISEE&EPICEE;
EVASIONPASTEQUE;EVASION PASTEQUE CITRON;EVASION PASTEQUE CITRON;
SOINTEINTESPF15;SOIN TEINTE VIS SPF15;SOIN TEINTE VIS SPF15;
LAITCORPSLUMIERE;LAIT CORPS LUMIERE;LAIT CORPS LUMIERE;
NOCTUELLECREME;CREME NUIT NO2CTUELLE;NO2CTUELLE NIGHT CREAM;
NOCTUELLEMASQUE;MASQUE NO2CTUELLE;NO2CTUELLE MASK;
NOCTUELLESPRAY;NO2CTUELLE SPRAY OREILLER;NO2CTUELLE SPRAY OREILLER;
20 PAPYRUS;20 PAPYRUS;20 PAPYRUS;
30 JARDIN CONST;30 JARDINS DES CONSTELLATIONS;30 JARDINS DES CONSTELLATIONS;
235 ROUGE ROSERAIE;ROUGE INTENSE SOTHYS 235;ROUGE INT SOTHYS 235;
311 ROUGE ROSERAIE;311 ROUGE ROSERAIE;311 ROUGE ROSERAIE;
330 OR ESC VELOURS;ROUGE MAT SOTHYS 330;ROUGE MAT SOTHYS 330;
30 ESC SOLEIL;30 ESCAPADE SOLEIL;30 ESCAPADE SOLEIL;
BEURREKARITE;PRO BEURRE DE KARITE;SHEA BUTTER PRO;
3CRJEUNRIDCONF;CREME JEUNESSE RIDES CONF;WRINKLE COMF YOUTH CR;
5CRJEUNFERMCONF;CR JEUNESSE FERMETE CONF;FIRMING COMF YOUTH CREAM;
APRESSHAMPCITR;APRES SHAMPOOING CITRON;APRES SHAMPOOING CITRON;
CRHYDRJEUN;CREME HYDRATANTE JEUNESSE;HYDRATING YOUTH CREAM;
CRHYDRJEUNCONF;CREME HYDRA JEUN CONFORT;HYDR COMFORT YOUTH CR;
CRSECRETS;LA CREME SECRETS;SECRETS CREAM;
CRYEUXLEVRESECR;LA CR YEUX LEVRES SECRETS;EYE AND LIP SECRETS CR;
340 PRUNE REP;ROUGE MAT SOTHYS 340;ROUGE MAT SOTHYS 340;
10 TAUPE UNIVERS;10 TAUPE UNIVERSEL;10 TAUPE UNIVERSEL;
20 BRUN UNIVERS;20 BRUN UNIVERSEL;20 BRUN UNIVERSEL;
30 NOIR ESSENTIEL;FEUTRE CALLIGRAPHIE YEUX NOIR;BLACK CALLIGRAPHY EYELINER RET;
20 TAUPE ETINCEL;20 TAUPE ETINCELANT;20 TAUPE ETINCELANT;
312 PRUNE REP;312 PRUNE REPUBLIQUE;312 PRUNE REPUBLIQUE;
ATHLETICSGELCHAUFF;GEL CHAUFFANT LISSANT;SMOOTHING WARMING GEL;
ATHLETICSHUILENUTRI;HUILE NUTRI-DELASSANTE;NUTRI-RELAXING OIL;
ATHLETICSMOUSSEDETOX;PRO ENVELOP MOUSSE DETOX;DETOX MOUSSE WRAP PRO;
LACTICDB;LACTIC DERMOBOOSTER;LACTIC DERMOBOOSTER;
236 BOIS ROSE VAUG;ROUGE INTENSE SOTHYS 236;ROUGE INTENSE SOTHYS 236;
HUILEDEMAQ;HUILE DEMAQ V&Y;HUILE DEMAQ V&Y;
BAUME NUTRI-RECONF;BAUME NUTRI-RECONFORTANT;BAUME NUTRI-RECONFORTANT;
EVASION VANILLE PASS;EVASION VANILLE PASSION;EVASION VANILLE PASSION;
BADGES ATHLETICS;BADGES SOTHYS ATHLETICS;BADGES SOTHYS ATHLETICS;
EAU PARF CITRON;EAU PARFUMEE CITRON;SCENTED WATER LEMON;
SUBLIMATEUR ORANGER;SUBLIM MAINS PIEDS ORANGER;ORANGE HAND FEET ENHANC;
SERUM JEUN CORPS;SERUM JEUNESSE CORPS;PRO-YOUTH BODY SERUM;
GOMMAGE SILHOUET;GOMMAGE SUBLIM SILHOUETTE;SILHOUETTE EXFOLIANT;
10 FUCHSIA FAUVE;10 FUCHSIA FAUVE;10 FUCHSIA FAUVE;
20 ROUGE ORANGE;20 ROUGE ORANGE;20 ROUGE ORANGE;
10 TEINTE UNIV;CRAYON CONTOUR LEVRES;CONTOUR LIP PENCIL;
40 TERRE LOINTAINE;40 TERRE LOINTAINE;40 TERRE LOINTAINE;
40 HARMONIE NUDE;QUATUOR OAP NUDE;EYE QUARTET PALETTE NUDE;
313 FUCHSIA FAUVE;313 FUCHSIA FAUVE;313 FUCHSIA FAUVE;
MOUSSE NETT VIS;MOUSSE NETT VISAGE;MOUSSE NETT VISAGE;
NECTAR DOUCHE;NECTAR DOUCHE;NECTAR DOUCHE;
EVASION YUZU PAMPL;EVASION YUZU PAMPLEMOUSSE;EVASION YUZU PAMPLEMOUSSE;
ATHLETICSNETT REVIT;NETT REVITALISANT 3 EN 1;3 IN 1 REVITAL CLEANSER;
40 ROSE ESTIVAL;40 ROSE ESTIVAL;40 ROSE ESTIVAL;
ESSENCEDEPOLL;ESSENCE DEPOLL PROTECTRICE;DEPOLLUTING ESSENCE;
CRJEUNDEPOLL;CREME JEUNESSE DEPOLLUANTE;DEPOLLUTING YOUTH CR;
SERENERGINTEGRAL;SERUM ENERGISANT INTEGR;ENERGIZING SERUM;
30 BLEU NUIT;30 BLEU NUIT;30 BLEU NUIT;
10 BEIGE ECLATANT;10 BEIGE ECLATANT;10 BEIGE ECLATANT;
50 HARMONIE SMOKY;QUATUOR OAP SMOKY;EYE QUARTET PALETTE SMOKY;
10 BEIGE LUMINEUX;10 BEIGE LUMINEUX;10 BEIGE LUMINEUX;
10 BRUN ROSE ROUGE;10 BRUN ROSE ROUGE BORDEAUX;10 BRUN ROSE ROUGE BORDEAUX;
314 MYSTERIEUX;314 MYSTERIEUX;314 MYSTERIEUX;
TIENERG;TI DETOX ENERGIE;IT DETOX ENERGIE;
CRCORPSSECRETS;CREME CORPS SUBLIMATRICE SECRE;CREME CORPS SUBLIMATRICE SECRE;
EVASION MANGUE COCO;EVASION MANGUE NOIX DE COCO;EVASION MANGUE NOIX DE COCO;
ELIXIR MANGUE;ELIXIR MANGUE NOIX DE COCO;ELIXIR MANGUE NOIX DE COCO;
BAUME LEVRES;BAUME LEVRES;BAUME LEVRES;
GOMMAGE LEVRES;GOMMAGE LEVRES;GOMMAGE LEVRES;
DUO LEVRES;DUO LEVRES;DUO LEVRES;
EVASION VERTE;EVASION DOUCE&VERTE;EVASION DOUCE&VERTE;
MASQOVALPARF;MASQUE OVALE PARFAIT*10;PERFECT SHAPE MASK*10;
50 TERRE DE BALI;50 TERRE DE BALI;50 TERRE DE BALI;
50 BRONZE SUMATR;50 BRONZE SUMATRA;50 BRONZE SUMATRA;
30 BRUN SUMBA;30 BRUN SUMBA;30 BRUN SUMBA;
40 BRONZE LOMBOK;40 BRONZE LOMBOK;40 BRONZE LOMBOK;
237 FUCHSIA JASMIN;237 FUCHSIA JASMIN;237 FUCHSIA JASMIN;
238 BRUN ROSE TEM;238 BRUN ROSE TEMPLE;238 BRUN ROSE TEMPLE;
315 FUCHSIA JASMIN;315 FUCHSIA JASMIN;315 FUCHSIA JASMIN;
MASQUEPURIFIANT;MASQUE PURIFIANT A L'ARGILE;MASQUE PURIFIANT A L'ARGILE;
CREME HYDRA SPF15;CREME HYDRA PROT SPF15;SPF15 HYDRA PROT CREAM;
BAUME ZONES CIBLEES;BAUME CORPS ZONES CIBLEES;BAUME CORPS ZONES CIBLEES;
GEL FRAICH J&P;GEL FRAICHEUR JAMBES PIEDS;REFRESHING GEL;
SP JAMBES TONIQUES;COFF SP JAMBES TONIQUES;ENERGIZING LEGS PT BOX;
HUILE DOUCHE;HUILE DOUCHE;AROMATIC SHOWER OIL;
CIRE DE GOMMAGE;CIRE DE GOMMAGE CORPS;EXFOL BODY WAX;
EAU DE SENTEUR;EAU DE SENTEUR;AROMATIC SPRAY;
SOIN INDONESIE;COFF SOIN INDONESIE;;
GELEE MICELLAIRE;GELEE MICELLAIRE;GELEE MICELLAIRE;
SORBET CORPS;SORBET CORPS;SORBET CORPS;
EVASION FRAMB CASS;EVASION FRAMBOISE CASSIS;EVASION FRAMBOISE CASSIS;
MASQPURIF;MASQUE PURIFIANT ARGILE;PURIFYING CLAY MASK;
10 OR BRUN;10 OR VENITIEN & BRUN BAROQUE;10 OR VENITIEN & BRUN BAROQUE;
20 ROSE ECLATANT;20 ROSE ECLATANT;20 ROSE ECLATANT;
40 BRUN MYSTERIEUX;40 BRUN MYSTERIEUX;40 BRUN MYSTERIEUX;
243 BOIS ROSE VENISE;243 BOIS DE ROSE DE VENISE;243 BOIS DE ROSE DE VENISE;
239 ROUGE ORANG IT;239 ROUGE ORANGE ITALIE;239 ROUGE ORANGE ITALIE;
316 BOIS ROSE VENIS;316 BOIS DE ROSE VENISE;316 BOIS DE ROSE VENISE;
EVASION MARAC ACAI;EVASION MARACUJA  BAIES ACAI;EVASION MARACUJA  BAIES ACAI;
SOIN PRO MACHINE;SOIN PRO VIS MACHINE;SOIN PRO VIS MACHINE;
GANT;GANT;GANT;
MASQUE;MASQUE;MASQUE;
C10 PORCELAINE;C10 PORCELAINE;C10 PORCELAINE;
C20 SABLE;C20 SABLE;C20 SABLE;
C30 PECHE;C30 PECHE;C30 PECHE;
C40 CARAMEL;C40 CARAMEL;C40 CARAMEL;
W10 IVOIRE;W10 IVOIRE;W10 IVOIRE;
W20 MIEL;W20 MIEL;W20 MIEL;
W30 PRALINE;W30 PRALINE;W30 PRALINE;
N10 BEIGE;N10 BEIGE;N10 BEIGE;
N20 NATUREL;N20 NATUREL;N20 NATUREL;
N30 NATUREL FON;N30 NATUREL FONCE;N30 NATUREL FONCE;
244 SUMMER CORAIL;244 SUMMER CORAIL;244 SUMMER CORAIL;
245 MISS FRANCE;245 MISS FRANCE;245 MISS FRANCE;
PIECEAMAINPEEL;PIECE A MAIN PEEL;PIECE A MAIN PEEL;
PIECEAMAINMICROL;PIECE A MAIN MICRO L;PIECE A MAIN MICRO L;
PIECEAMAINMICROS;PIECE A MAIN MICRO S;PIECE A MAIN MICRO S;
PIECEAMAINMODELL;PIECE A MAIN MODELLING;PIECE A MAIN MODELLING;
MACHINE;MACHINE MICRO DERMOBOOSTER;MACHINE MICRO DERMOBOOSTER;
JOINTPEEL;JOINT PIECE A MAIN PEEL;JOINT PIECE A MAIN PEEL;
JOINTLIFTS;JOINT PIECE A MAIN MICRO S;JOINT PIECE A MAIN MICRO S;
TETEMODELLING;SUPPORT PIECE A MAIN MODELLING;SUPPORT PIECE A MAIN MODELLING;
CABLE;CABLE MACHINE PIECE A MAIN;CABLE MACHINE PIECE A MAIN;
ADAPTATEUR;ADAPTATEUR INTERNATIONAL MACHI;ADAPTATEUR INTERNATIONAL MACHI;
VISTETEMODELLING;VIS PIECE A MAIN MODELLING;VIS PIECE A MAIN MODELLING;
PATCHSYEUX;PATCHS EXPRESS YEUX*10;EXPRESS EYE PATCHES*10;
HUILE DEM ORG;HUILE DEMAQ V&Y ORGANICS;HUILE DEMAQ V&Y ORGANICS;
GOMMAGE VIS ORG;GOMMAGE VISAGE ORGANICS;GOMMAGE VISAGE ORGANICS;
MASQUE HYD ORG;MASQUE HYDRATANT ORGANICS;MASQUE HYDRATANT ORGANICS;
EMULSION HYD ORG;EMULSION HYDRA ORGANICS;EMULSION HYDRA ORGANICS;
SOIN PROF ORG;SOIN PROF ORGANICS;SOIN PROF ORGANICS;
10 NATUREL;10 NATUREL;10 NATUREL;
20 BEIGE;20 BEIGE;20 BEIGE;
10 TAUPE;10 TAUPE;10 TAUPE;
20 BRUN;20 BRUN;20 BRUN;
50 GRIS HIVER;50 GRIS HIVER;50 GRIS HIVER;
30 KAKI SMOKY;30 KAKI SMOKY;30 KAKI SMOKY;
133 ROUGE LATIN;133 ROUGE LATIN;133 ROUGE LATIN;
10 ROUGE ROCK;10 ROUGE ROCK;10 ROUGE ROCK;
317 ROUGE VIBRANT;317 ROUGE VIBRANT;317 ROUGE VIBRANT;
LAIT YAOURT CORPS;LAIT YAOURT HYD CORPS;LAIT YAOURT HYD CORPS;
MASQUE MINUTE;MASQUE MINUTE MICRO PEELING;MASQUE MINUTE MICRO PEELING;
EVASION GRENADE GING;EVASION GRENADE GINGEMBRE;EVASION GRENADE GINGEMBRE;
CR MAINS SECRETS;CREME MAINS JEUNESSE SECRETS;CREME MAINS JEUNESSE SECRETS;
30 BRONZER;30 BRONZER;30 BRONZER;
CAPSULENOCTUELLE;CAPSULES VIT C NOCTUELLE;CAPSULES VIT C NOCTUELLE;
CREMENOCTUELLE;CREME RENOVATRICE NOCTUELLE;CREME RENOVATRICE NOCTUELLE;
